जिला,विधानसभा,जिला पंचायत वार्ड
अमरोहा,41. Amroha,1-अमरोहा एवं जोया
अमरोहा,41. Amroha,2-अमरोहा प्रथम
अमरोहा,41. Amroha,3-अमरोहा द्वितीय
अमरोहा,41. Amroha,4-अमरोहा तृतीय
अमरोहा,40. Naugawan Sadat,5-अमरोहा व जोया व धनौरा
अमरोहा,39. Dhanaura,6-अमरोहा एवं धनौरा
अमरोहा,39. Dhanaura,7-धनौरा प्रथम
अमरोहा,39. Dhanaura,8-धनौरा द्वितीय
अमरोहा,39. Dhanaura,9-धनौरा एवं गजरौला प्रथम
अमरोहा,39. Dhanaura,10-धनौरा एवं गजरौला द्वितीय
अमरोहा,39. Dhanaura,11-गजरौला प्रथम
अमरोहा,39. Dhanaura,12-गजरौला द्वितीय
अमरोहा,40. Naugawan Sadat,13-गजरौला एवं हसनपुर
अमरोहा,40. Naugawan Sadat,14-हसनपुर एवं जोया
अमरोहा,40. Naugawan Sadat,15-हसनपुर प्रथम
अमरोहा,42. Hasanpur,16-हसनपुर एवं गंगेश्वरी
अमरोहा,42. Hasanpur,17-हसनपुर द्वितीय
अमरोहा,42. Hasanpur,18-गंगेश्वरी प्रथम
अमरोहा,42. Hasanpur,19-गंगेश्वरी द्वितीय
अमरोहा,42. Hasanpur,20-गंगेश्वरी तृतीय
अमरोहा,42. Hasanpur,21-हसनपुर एवं गंगेश्वरी
अमरोहा,42. Hasanpur,22-जोया प्रथम
अमरोहा,40. Naugawan Sadat,23-जोया द्वितीय
अमरोहा,42. Hasanpur,24-जोया तृतीय
अमरोहा,41. Amroha,25-जोया चतुर्थ
अमरोहा,41. Amroha,26-जोया पंचम
अमरोहा,41. Amroha,27-जोया षष्टम
अमेठी,185. Gauriganj,1-मुसाफिरखाना प्रथम
अमेठी,185. Gauriganj,2-मुसाफिरखाना द्वितीय
अमेठी,185. Gauriganj,3-मुसाफिरखाना एवं  जगदीशपुर
अमेठी,184. Jagdishpur,4-जगदीशपुर प्रथम
अमेठी,184. Jagdishpur,5-जगदीशपुर द्वितीय
अमेठी,184. Jagdishpur,6-जगदीशपुर तृतीय
अमेठी,184. Jagdishpur,7-जगदीशपुर एवं बाजारशुकुल
अमेठी,184. Jagdishpur,8-बाजारशुकुल प्रथम
अमेठी,184. Jagdishpur,9-बाजारशुकुल द्वितीय
अमेठी,184. Jagdishpur,10-बाजारशुकुल एवं जगदीशपुर
अमेठी,178. Tiloi,11-जगदीशपुर एवं सिंहपुर
अमेठी,178. Tiloi,12-सिंहपुर प्रथम
अमेठी,178. Tiloi,13-सिंहपुर द्वितीय
अमेठी,178. Tiloi,14-सिंहपुर तृतीय
अमेठी,178. Tiloi,15-सिंहपुर एवं तिलोई
अमेठी,178. Tiloi,16-तिलोई
अमेठी,178. Tiloi,17-तिलोई
अमेठी,178. Tiloi,18-तिलोई एवं बहादुरपुर
अमेठी,178. Tiloi,19-बहादुरपुर  प्रथम
अमेठी,178. Tiloi,20-बहादुरपुर  द्वितीय
अमेठी,178. Tiloi,21-बहादुरपुर एवं जामों
अमेठी,185. Gauriganj,22-जामों प्रथम
अमेठी,185. Gauriganj,23-जामों द्वितीय
अमेठी,185. Gauriganj,24-जामों एवं गौरीगंज
अमेठी,185. Gauriganj,25-गौरीगंज प्रथम
अमेठी,185. Gauriganj,26-गौरीगंज एवं  शाहगढ
अमेठी,186. Amethi,27-अमेठी प्रथम
अमेठी,186. Amethi,28-अमेठी द्वितीय
अमेठी,186. Amethi,29-अमेठी एवं संग्रामपुर
अमेठी,186. Amethi,30-संग्रामपुर प्रथम
अमेठी,186. Amethi,31-संग्रामपुर एवं भादर
अमेठी,186. Amethi,32-भादर  प्रथम
अमेठी,186. Amethi,33-भादर एवं  भेटुआ
अमेठी,186. Amethi,34-भेटुआ  प्रथम
अमेठी,186. Amethi,35-भेटुआ एवं  शाहगढ
अमेठी,185. Gauriganj,36- शाहगढ प्रथम
अम्बेडकर नगर,279. Alapur,1-जहाँगीरगंज पूर्वी
अम्बेडकर नगर,279. Alapur,2-जहाँगीरगंज मध्य
अम्बेडकर नगर,279. Alapur,3-जहाँगीरगंज पश्चिमी
अम्बेडकर नगर,279. Alapur,4-रामनगर पूर्वी
अम्बेडकर नगर,279. Alapur,5-रामनगर उत्तरी
अम्बेडकर नगर,279. Alapur,6-रामनगर मध्य
अम्बेडकर नगर,279. Alapur,7-रामनगर दक्षिणी
अम्बेडकर नगर,279. Alapur,8-रामनगर पश्चिमी
अम्बेडकर नगर,278. Tanda,9-बसखारी उत्तरी
अम्बेडकर नगर,278. Tanda,10-बसखारी पश्चिमी
अम्बेडकर नगर,278. Tanda,11-बसखारी मध्य
अम्बेडकर नगर,278. Tanda,12-बसखारी दक्षिणी
अम्बेडकर नगर,278. Tanda,13-टाण्डा पूर्वी उत्तरी
अम्बेडकर नगर,278. Tanda,14-टाण्डा मध्य प्रथम
अम्बेडकर नगर,278. Tanda,15-टाण्डा मध्य द्वितीय
अम्बेडकर नगर,278. Tanda,16-टाण्डा पश्चिमी प्रथम
अम्बेडकर नगर,278. Tanda,17-टाण्डा पश्चिमी द्वितीय
अम्बेडकर नगर,277. Katehari,18-कटेहरी प्रथम
अम्बेडकर नगर,277. Katehari,19-कटेहरी द्वितीय
अम्बेडकर नगर,277. Katehari,20-कटेहरी तृतीय
अम्बेडकर नगर,277. Katehari,21-कटेहरी चतुर्थ
अम्बेडकर नगर,277. Katehari,22-भीटी प्रथम
अम्बेडकर नगर,277. Katehari,23-भीटी द्वितीय
अम्बेडकर नगर,277. Katehari,24-भीटी तृतीय
अम्बेडकर नगर,277. Katehari,25-भीटी चतुर्थ
अम्बेडकर नगर,281. Akbarpur,26-अकबरपुर प्रथम
अम्बेडकर नगर,281. Akbarpur,27-अकबरपुर द्वितीय
अम्बेडकर नगर,281. Akbarpur,28-अकबरपुर तृतीय
अम्बेडकर नगर,281. Akbarpur,29-अकबरपुर चतुर्थ
अम्बेडकर नगर,281. Akbarpur,30-अकबरपुर पंचम
अम्बेडकर नगर,281. Akbarpur,31-अकबरपुर षष्टम
अम्बेडकर नगर,280. Jalalpur,32-जलालपुर दक्षिणी
अम्बेडकर नगर,280. Jalalpur,33-जलालपुर पश्चिमीच
अम्बेडकर नगर,280. Jalalpur,34-जलालपुर मध्य
अम्बेडकर नगर,280. Jalalpur,35-जलालपुर उत्तरी
अम्बेडकर नगर,280. Jalalpur,36-जलालपुर उत्तरी पूर्वी
अम्बेडकर नगर,280. Jalalpur,37-जलालपुर पूर्वी
अम्बेडकर नगर,280. Jalalpur,38-भियांव उत्तरी
अम्बेडकर नगर,280. Jalalpur,39-भियांव पूर्वी
अम्बेडकर नगर,280. Jalalpur,40-भियांव मध्य
अम्बेडकर नगर,280. Jalalpur,41-भियांव दक्षिणी
अयोध्या,276. Goshainganj,1-मयाबाजार प्रथम
अयोध्या,276. Goshainganj,2-मयाबाजार द्वितीय
अयोध्या,276. Goshainganj,3-मयाबाजार तृतीय
अयोध्या,276. Goshainganj,4-मयाबाजार चतुर्थ
अयोध्या,275. Ayodhya,5-पूराबाजार प्रथम
अयोध्या,275. Ayodhya,6-पूराबाजार द्वितीय
अयोध्या,275. Ayodhya,7-पूराबाजार तृतीय एवं मसौधा
अयोध्या,274. Bikapur,8-मसौधा प्रथम
अयोध्या,274. Bikapur,9-मसौधा द्वितीय
अयोध्या,274. Bikapur,10-मसौधा तृतीय
अयोध्या,274. Bikapur,11-सोहावल प्रथम
अयोध्या,274. Bikapur,12-सोहावल द्वितीय
अयोध्या,274. Bikapur,13-सोहावल तृतीय एवं अमानीगंज
अयोध्या,274. Bikapur,14-सोहावल चतुर्थ  एवं अमानीगंज
अयोध्या,271. Rudauli,15-रूदौली प्रथम
अयोध्या,271. Rudauli,16-रूदौली द्वितीय
अयोध्या,271. Rudauli,17-रूदौली तृतीय
अयोध्या,271. Rudauli,18-रूदौली चतुर्थ
अयोध्या,271. Rudauli,19-रूदौली पंचम
अयोध्या,271. Rudauli,20-मवई प्रथम
अयोध्या,271. Rudauli,21-मवई द्वितीय
अयोध्या,271. Rudauli,22-मवई तृतीय एवं रूदौली
अयोध्या,273. Milkipur,23-अमानीगंज प्रथम
अयोध्या,273. Milkipur,24-अमानीगंज द्वितीय एवं मवई
अयोध्या,273. Milkipur,25-अमानीगंज तृतीय
अयोध्या,273. Milkipur,26-मिल्कीपुर प्रथम
अयोध्या,273. Milkipur,27-मिल्कीपुर द्वितीय
अयोध्या,273. Milkipur,28-मिल्कीपुर तृतीय
अयोध्या,273. Milkipur,29-मिल्कीपुर चतुर्थ
अयोध्या,273. Milkipur,30-हरिग्टनगंज प्रथम
अयोध्या,273. Milkipur,31-हरिग्टनगंज द्वितीय एवं मिल्कीपुर
अयोध्या,273. Milkipur,32-हरिग्टनगंज तृतीय
अयोध्या,274. Bikapur,33-बीकापुर प्रथम एवं हरिग्टनगंज एवं तारून
अयोध्या,274. Bikapur,34-बीकापुर द्वितीय
अयोध्या,274. Bikapur,35-बीकापुर तृतीय
अयोध्या,274. Bikapur,36-बीकापुर चतुर्थ
अयोध्या,276. Goshainganj,37-तारून प्रथम
अयोध्या,276. Goshainganj,38-तारून द्वितीय
अयोध्या,276. Goshainganj,39-तारून तृतीय
अयोध्या,276. Goshainganj,40-तारून चतुर्थ
अलीगढ़,73. Atrauli,1-बिजौली-प्रथम
अलीगढ़,73. Atrauli,2-बिजौली-द्वितीय
अलीगढ़,73. Atrauli,3-बिजौली-तृतीय
अलीगढ़,73. Atrauli,4-बिजौली-चतुर्थ
अलीगढ़,73. Atrauli,5-अतरौली-प्रथम
अलीगढ़,73. Atrauli,6-अतरौली-द्वितीय
अलीगढ़,73. Atrauli,7-अतरौली-तृतीय
अलीगढ़,73. Atrauli,8-अतरौली-चतुर्थ
अलीगढ़,72. Barauli,9-जवां-प्रथम
अलीगढ़,72. Barauli,10-जवां-द्वितीय
अलीगढ़,72. Barauli,11-जवां-तृतीय
अलीगढ़,72. Barauli,12-जवां-चतुर्थ
अलीगढ़,72. Barauli,13-चण्डौस-प्रथम
अलीगढ़,71. Khair,14-चण्डौस-द्वितीय
अलीगढ़,71. Khair,15-चण्डौस-तृतीय
अलीगढ़,71. Khair,16-टप्पल -प्रथम
अलीगढ़,71. Khair,17-टप्पल -द्वितीय
अलीगढ़,71. Khair,18-टप्पल-तृतीय
अलीगढ़,71. Khair,19-टप्पल-चतुर्थ
अलीगढ़,71. Khair,20-खैर-प्रथम
अलीगढ़,71. Khair,21-खैर-द्वितीय
अलीगढ़,71. Khair,22-खैर-तृतीय
अलीगढ़,71. Khair,23-खैर-चतुर्थ
अलीगढ़,77. Iglas,24-गोण्डा-प्रथम
अलीगढ़,77. Iglas,25-गोण्डा-द्वितीय
अलीगढ़,77. Iglas,26-गोण्डा-तृतीय
अलीगढ़,77. Iglas,27-गोण्डा-चतुर्थ
अलीगढ़,77. Iglas,28-इगलास-प्रथम
अलीगढ़,77. Iglas,29-इगलास-द्वितीय
अलीगढ़,77. Iglas,30-इगलास-तृतीय
अलीगढ़,77. Iglas,31-इगलास-चतुर्थ
अलीगढ़,72. Barauli,32-लोधा-प्रथम
अलीगढ़,77. Iglas,33-लोधा-द्वितीय
अलीगढ़,77. Iglas,34-लोधा-तृतीय
अलीगढ़,75. Koil,35-लोधा.चतुर्थ
अलीगढ़,72. Barauli,36-धनीपुर-प्रथम
अलीगढ़,72. Barauli,37-धनीपुर-द्वितीय
अलीगढ़,75. Koil,38-धनीपुर-तृतीय
अलीगढ़,74. Chharra,39-धनीपुर-चतुर्थ
अलीगढ़,74. Chharra,40-अकराबाद-प्रथम
अलीगढ़,74. Chharra,41-अकराबाद-द्वितीय
अलीगढ़,74. Chharra,42-अकराबाद-तृतीय
अलीगढ़,73. Atrauli,43-गंगीरी-प्रथम
अलीगढ़,74. Chharra,44-गंगीरी-द्वितीय
अलीगढ़,74. Chharra,45-गंगीरी-तृतीय
अलीगढ़,74. Chharra,46-गंगीरी-चतुर्थ
अलीगढ़,74. Chharra,47-गंगीरी-पंचम
आगरा,86. Etmadpur,1-एत्मादपुर प्रथम
आगरा,86. Etmadpur,2-एत्मादपुर द्वितीय
आगरा,86. Etmadpur,3-एत्मादपुर तृतीय
आगरा,86. Etmadpur,4-एत्मादपुर एवं खन्दौली
आगरा,86. Etmadpur,5-खन्दौली प्रथम
आगरा,86. Etmadpur,6-खन्दौली द्वितीय
आगरा,86. Etmadpur,7-खन्दौली तृतीय
आगरा,90. Agra Rural,8-बरौली अहीर प्रथम
आगरा,90. Agra Rural,9-बरौली अहीर द्वितीय
आगरा,90. Agra Rural,10-बरौली अहीर तृतीय
आगरा,90. Agra Rural,11-बरौली अहीर चतुर्थ
आगरा,90. Agra Rural,12-बरौली अहीर पंचम
आगरा,90. Agra Rural,13-बरौली अहीर एवं बिचपुरी
आगरा,90. Agra Rural,14-बिचपुरी प्रथम
आगरा,90. Agra Rural,15-बिचपुरी द्वितीय
आगरा,90. Agra Rural,16-बिचपुरी तृतीय
आगरा,91. Fatehpur Sikri,17-अछनेरा प्रथम
आगरा,91. Fatehpur Sikri,18-अछनेरा द्वितीय
आगरा,91. Fatehpur Sikri,19-अछनेरा तृतीय
आगरा,91. Fatehpur Sikri,20-अछनेरा चतुर्थ
आगरा,91. Fatehpur Sikri,21-फतेहपुर सीकरी प्रथम
आगरा,91. Fatehpur Sikri,22-फतेहपुर सीकरी द्वितीय
आगरा,91. Fatehpur Sikri,23-फतेहपुर सीकरी तृतीय
आगरा,91. Fatehpur Sikri,24-फतेहपुर सीकरी एवं अकोला
आगरा,91. Fatehpur Sikri,25-अकोला प्रथम
आगरा,91. Fatehpur Sikri,26-अकोला द्वितीय
आगरा,92. Kheragarh,27-जगनेर प्रथम
आगरा,92. Kheragarh,28-जगनेर द्वितीय
आगरा,92. Kheragarh,29-जगनेर एवं खेरागढ़
आगरा,92. Kheragarh,30-खेरागढ़ प्रथम
आगरा,92. Kheragarh,31-खेरागढ़ द्वितीय
आगरा,92. Kheragarh,32-खेरागढ़/अकोला/सैया
आगरा,92. Kheragarh,33-सैया प्रथम
आगरा,92. Kheragarh,34-सैया द्वितीय
आगरा,92. Kheragarh,35-सैया तृतीय
आगरा,93. Fatehabad,36-शमशाबाद प्रथम
आगरा,93. Fatehabad,37-शमशाबाद द्वितीय
आगरा,93. Fatehabad,38-शमशाबाद तृतीय
आगरा,93. Fatehabad,39-शमशाबाद चतुर्थ
आगरा,93. Fatehabad,40-फतेहाबाद प्रथम
आगरा,93. Fatehabad,41-फतेहाबाद द्वितीय
आगरा,93. Fatehabad,42-फतेहाबाद तृतीय
आगरा,93. Fatehabad,43-फतेहाबाद चतुर्थ
आगरा,94. Bah,44-पिनाहट प्रथम
आगरा,94. Bah,45-पिनाहट द्वितीय
आगरा,94. Bah,46-पिनाहट एवं बाह
आगरा,94. Bah,47-बाह प्रथम
आगरा,94. Bah,48-बाह द्वितीय
आगरा,94. Bah,49-बाह एवं जै0कलां
आगरा,94. Bah,50-जै0कलां प्रथम
आगरा,94. Bah,51-जै0कलां द्वितीय
आजमगढ़,345. Sagri,1-महुला
आजमगढ़,345. Sagri,2-छपरा सुल्तानपुर
आजमगढ़,345. Sagri,3-सरायसागरमालटारी
आजमगढ़,345. Sagri,4-बेरमा
आजमगढ़,345. Sagri,5-हाजीपुर
आजमगढ़,344. Gopalpur,6-आ0दे0 करखिया
आजमगढ़,345. Sagri,7-हरैया
आजमगढ़,344. Gopalpur,8-चॉदपट्टी
आजमगढ़,344. Gopalpur,9-मधनापार
आजमगढ़,344. Gopalpur,10-भगतपुर
आजमगढ़,344. Gopalpur,11-पटवध कौतुक
आजमगढ़,344. Gopalpur,12-जयराजपुर
आजमगढ़,346. Mubarakpur,13-जोलहापुर
आजमगढ़,344. Gopalpur,14-आराजी अमानी
आजमगढ़,344. Gopalpur,15-कप्तानगंज
आजमगढ़,344. Gopalpur,16-परशुरामपुर
आजमगढ़,344. Gopalpur,17-रूद्रपर
आजमगढ़,344. Gopalpur,18-ऊसुरकुढ़वा
आजमगढ़,343. Atrauliya,19-गौराहरदो
आजमगढ़,343. Atrauliya,20-टहरकिशुनदेवपुर
आजमगढ़,343. Atrauliya,21-नन्दना
आजमगढ़,343. Atrauliya,22-तेजापुर
आजमगढ़,343. Atrauliya,23-बढ़या
आजमगढ़,343. Atrauliya,24-लेदौरा
आजमगढ़,343. Atrauliya,25-ग0प0 भेदौरा
आजमगढ़,343. Atrauliya,26-अहरौला
आजमगढ़,349. Phoolpur Pawai,27-समशाबाद
आजमगढ़,347. Azamgarh,28-मित्तूपुर
आजमगढ़,349. Phoolpur Pawai,29-पवई
आजमगढ़,349. Phoolpur Pawai,30-बागबहार
आजमगढ़,349. Phoolpur Pawai,31-मकसुदिया
आजमगढ़,349. Phoolpur Pawai,32-फूलुपुर
आजमगढ़,349. Phoolpur Pawai,33-राजापुर
आजमगढ़,350. Didarganj,34-पल्थी
आजमगढ़,349. Phoolpur Pawai,35-कनेरी
आजमगढ़,348. Nizamabad,36-मंजीरपट्टी
आजमगढ़,348. Nizamabad,37-मुड़ियार
आजमगढ़,349. Phoolpur Pawai,38-राजापुर सिकरौर
आजमगढ़,345. Sagri,39-जगदीशपुर
आजमगढ़,348. Nizamabad,40-बड़सरा खालसा
आजमगढ़,348. Nizamabad,41-ददरा भगवानपुर
आजमगढ़,348. Nizamabad,42-मधसिया
आजमगढ़,347. Azamgarh,43-हाफिजपुुर
आजमगढ़,347. Azamgarh,44-कोलबाजबहादुर
आजमगढ़,347. Azamgarh,45-जाफरपुर
आजमगढ़,347. Azamgarh,46-हैदराबाद उर्फ छतवारा
आजमगढ़,347. Azamgarh,47-सेठवल
आजमगढ़,348. Nizamabad,48-फरिहा
आजमगढ़,347. Azamgarh,49-कोटिला
आजमगढ़,347. Azamgarh,50-गम्भीरवन
आजमगढ़,350. Didarganj,51-ऑवक
आजमगढ़,350. Didarganj,52-नन्दॉव
आजमगढ़,350. Didarganj,53-रानीपुर रजमो
आजमगढ़,352. Mehnagar,54-मंगरावा रायपुर
आजमगढ़,350. Didarganj,55-रंगडीह
आजमगढ़,350. Didarganj,56-भादों
आजमगढ़,350. Didarganj,57-महुजा नेवादा
आजमगढ़,350. Didarganj,58-सुरहन
आजमगढ़,352. Mehnagar,59-गोमाडीह
आजमगढ़,351. Lalganj,60-ठेकमा
आजमगढ़,351. Lalganj,61-सराय मोहन
आजमगढ़,351. Lalganj,62-बरदह
आजमगढ़,352. Mehnagar,63-कैथीशंकरपुर
आजमगढ़,351. Lalganj,64-देवगांव
आजमगढ़,351. Lalganj,65-सिधौना
आजमगढ़,351. Lalganj,66-बैरीडीह
आजमगढ़,352. Mehnagar,67-धरनीपुर रानीपुर
आजमगढ़,351. Lalganj,68-लहुआकला
आजमगढ़,351. Lalganj,69-रासेपुर
आजमगढ़,352. Mehnagar,70-उचहुवां
आजमगढ़,352. Mehnagar,71-तरवां
आजमगढ़,352. Mehnagar,72-मेहनाजपुर
आजमगढ़,352. Mehnagar,73-कम्हरिया
आजमगढ़,352. Mehnagar,74-बछवल
आजमगढ़,343. Atrauliya,75-गौरा
आजमगढ़,344. Gopalpur,76-गोपालपुर
आजमगढ़,346. Mubarakpur,77-बड़हलगंज
आजमगढ़,346. Mubarakpur,78- धरवारा
आजमगढ़,346. Mubarakpur,79-जिगरसण्डी
आजमगढ़,346. Mubarakpur,80-इब्राहिमपुर
आजमगढ़,346. Mubarakpur,81-चकसिकठी
आजमगढ़,346. Mubarakpur,82-बम्हौर
आजमगढ़,346. Mubarakpur,83-समेंदा
आजमगढ़,346. Mubarakpur,84-गजहड़ा
इटावा,199. Jaswant Nagar,1-ताखा प्रथम
इटावा,199. Jaswant Nagar,2-ताखा द्वितीय
इटावा,199. Jaswant Nagar,3-ताखा तृतीय
इटावा,199. Jaswant Nagar,4-बसरेहर प्रथम
इटावा,199. Jaswant Nagar,5-बसरेहर द्वितीय
इटावा,199. Jaswant Nagar,6-बसरेहर तृतीय
इटावा,199. Jaswant Nagar,7-सैफई प्रथम
इटावा,199. Jaswant Nagar,8-सैफई द्वितीय
इटावा,199. Jaswant Nagar,9-जसवन्तनगर प्रथम
इटावा,199. Jaswant Nagar,10-जसवन्तनगर द्वितीय
इटावा,199. Jaswant Nagar,11-जसवन्तनगर तृतीय
इटावा,201. Bharthana,12-भरथना प्रथम
इटावा,201. Bharthana,13-भरथना द्वितीय
इटावा,201. Bharthana,14-भरथना तृतीय
इटावा,200. Etawah,15-बढ़पुरा प्रथम
इटावा,200. Etawah,16-बढ़पुरा द्वितीय
इटावा,200. Etawah,17-बढ़पुरा तृतीय
इटावा,201. Bharthana,18-महेवा प्रथम
इटावा,201. Bharthana,19-महेवा द्वितीय
इटावा,201. Bharthana,20-महेवा तृतीय
इटावा,201. Bharthana,21-महेवा चतुर्थ
इटावा,201. Bharthana,22-महेवा पंचम
इटावा,201. Bharthana,23-चकरनगर प्रथम
इटावा,201. Bharthana,24-चकरनगर द्वितीय
उन्नाव,164. Mohan,1-नवाबगंज प्रथम
उन्नाव,164. Mohan,2-नवाबगंज द्वितीय
उन्नाव,164. Mohan,3-नवाबगंज तृतीय
उन्नाव,164. Mohan,4-नवाबगंज चतुर्थ
उन्नाव,163. Safipur,5-हसनगंज प्रथम
उन्नाव,163. Safipur,6-हसनगंज द्वितीय
उन्नाव,163. Safipur,7-हसनगंज तृतीय
उन्नाव,163. Safipur,8-मियागंज प्रथम
उन्नाव,163. Safipur,9-मियागंज द्वितीय
उन्नाव,163. Safipur,10-मियागंज तृतीय
उन्नाव,164. Mohan,11-औरास प्रथम
उन्नाव,164. Mohan,12-औरास द्वितीय
उन्नाव,164. Mohan,13-औरास तृतीय
उन्नाव,162. Bangarmau,14-गंजमुरादाबाद प्रथम
उन्नाव,162. Bangarmau,15-गंजमुरादाबाद द्वितीय
उन्नाव,162. Bangarmau,16-गंजमुरादाबाद  तृतीय
उन्नाव,162. Bangarmau,17-बांगरमऊ प्रथम
उन्नाव,162. Bangarmau,18-बांगरमऊ द्वितीय
उन्नाव,162. Bangarmau,19-बागंरमऊ तृतीय
उन्नाव,162. Bangarmau,20-फतेहपुर चौरासी प्रथम
उन्नाव,162. Bangarmau,21-फतेहपुर चौरासी द्वितीय
उन्नाव,162. Bangarmau,22-फतेहपुर चौरासी तृतीय
उन्नाव,163. Safipur,23-सफीपुर प्रथम
उन्नाव,163. Safipur,24-सफीपुर द्वितीय
उन्नाव,163. Safipur,25-सफीपुर तृतीय
उन्नाव,165. Unnao,26-सिकन्दपुर सरोसी प्रथम
उन्नाव,165. Unnao,27-सिकन्दरपुर सरोसी द्वितीय
उन्नाव,165. Unnao,28-सिकन्दरपुर सरोसी तृतीय
उन्नाव,165. Unnao,29-सिकन्दरपुर सरोसी चतुर्थ
उन्नाव,166. Bhagwantnagar,30-सिकन्दरपुर करन प्रथम
उन्नाव,166. Bhagwantnagar,31-सिकन्दरपुर करन द्वितीय
उन्नाव,166. Bhagwantnagar,32-सिकन्दरपुर करन तृतीय
उन्नाव,166. Bhagwantnagar,33-बीघापुर प्रथम
उन्नाव,166. Bhagwantnagar,34-बीघापुर द्वितीय
उन्नाव,166. Bhagwantnagar,35-बीघापुर तृतीय
उन्नाव,166. Bhagwantnagar,36-सुमेरपुर प्रथम
उन्नाव,166. Bhagwantnagar,37-सुमेरपुर द्वितीय
उन्नाव,166. Bhagwantnagar,38-सुमेरपुर तृतीय
उन्नाव,167. Purwa,39-हिलौली प्रथम
उन्नाव,167. Purwa,40-हिलौली द्वितीय
उन्नाव,167. Purwa,41-हिलौली तृतीय
उन्नाव,167. Purwa,42-हिलौली चतुर्थ
उन्नाव,167. Purwa,43-असोहा प्रथम
उन्नाव,167. Purwa,44-असोहा द्वितीय
उन्नाव,167. Purwa,45-असोहा तृतीय
उन्नाव,167. Purwa,46-पुरवा प्रथम
उन्नाव,167. Purwa,47-पुरवा द्वितीय
उन्नाव,167. Purwa,48-बिछिया प्रथम
उन्नाव,167. Purwa,49-बिछिया द्वितीय
उन्नाव,167. Purwa,50-बिछिया तृतीय
उन्नाव,167. Purwa,51-बिछिया चतुर्थ
एटा,104. Etah,1-शीतलपुर प्रथम
एटा,104. Etah,2-शीतलपुर द्वितीय
एटा,105. Marhara,3-शीतलपुर तृतीय
एटा,105. Marhara,4-मारहरा प्रथम
एटा,105. Marhara,5-मारहरा एवं निधौली कलां
एटा,105. Marhara,6-मारहरा द्वितीय
एटा,105. Marhara,7-निधौली कलां प्रथम
एटा,105. Marhara,8-निधौली कलां द्वितीय
एटा,106. Jalesar,9-अवागढ़ प्रथम
एटा,106. Jalesar,10-जलेसर प्रथम
एटा,106. Jalesar,11-जलेसर द्वितीय
एटा,106. Jalesar,12-जलेसर तृतीय
एटा,106. Jalesar,13-अवागढ़ द्वितीय
एटा,106. Jalesar,14-अवागढ़ एवं निधौली कलां
एटा,106. Jalesar,15-निधोली कलां तृतीय
एटा,104. Etah,16-शीतलपुर चतुर्थ
एटा,104. Etah,17-सकीट प्रथम
एटा,104. Etah,18-सकीट द्वितीय
एटा,104. Etah,19-सकीट तृतीय
एटा,103. Aliganj,20-जैथरा एवं सकीट
एटा,103. Aliganj,21-जैथरा प्रथम
एटा,103. Aliganj,22-अलीगंज प्रथम
एटा,103. Aliganj,23-अलीगंज द्वितीय
एटा,103. Aliganj,24-अलीगंज तृतीय
एटा,103. Aliganj,25-अलीगंज चतुर्थ
एटा,103. Aliganj,26-अलीगंज पंचम
एटा,103. Aliganj,27-अलीगंज एवं जैथरा
एटा,103. Aliganj,28-जैथरा द्वितीय
एटा,103. Aliganj,29-जैथरा तृतीय
एटा,104. Etah,30-शीतलपुर एवं सकीट
औरैया,202. Bidhuna,1-बिधूना प्रथम
औरैया,202. Bidhuna,2-बिधूना द्वितीय
औरैया,202. Bidhuna,3-बिधूना तृतीय
औरैया,202. Bidhuna,4-एरवाकटरा प्रथम
औरैया,202. Bidhuna,5-एरवाकटरा द्वितीय
औरैया,202. Bidhuna,6-एरवाकटरा तृतीय
औरैया,203. Dibiyapur,7-अछल्दा प्रथम
औरैया,203. Dibiyapur,8-अछल्दा द्वितीय
औरैया,203. Dibiyapur,9-अछल्दा तृतीय
औरैया,204. Auraiya,10-अजीतमल प्रथम
औरैया,204. Auraiya,11-अजीतमल द्वितीय
औरैया,203. Dibiyapur,12-अजीतमल तृतीय
औरैया,204. Auraiya,13-औरैया प्रथम
औरैया,204. Auraiya,14-औरैया द्वितीय
औरैया,204. Auraiya,15-औरैया तृतीय
औरैया,204. Auraiya,16-औरैया चतुर्थ
औरैया,203. Dibiyapur,17-भाग्यनगर प्रथम
औरैया,203. Dibiyapur,18-भाग्यनगर द्वितीय
औरैया,203. Dibiyapur,19-भाग्यनगर तृतीय
औरैया,202. Bidhuna,20-भाग्यनगर चतुर्थ
औरैया,202. Bidhuna,21-सहार प्रथम
औरैया,202. Bidhuna,22-सहार द्वितीय
औरैया,202. Bidhuna,23-सहार तृतीय
कन्नौज,198. Kannauj,1-कन्नौज प्रथम
कन्नौज,198. Kannauj,2-कन्नौज द्वितीय
कन्नौज,198. Kannauj,3-कन्नौज तृतीय
कन्नौज,198. Kannauj,4-कन्नौज चतुर्थ
कन्नौज,198. Kannauj,5-जलालाबाद प्रथम
कन्नौज,198. Kannauj,6-जलालाबाद द्वितीय
कन्नौज,198. Kannauj,7-गुगरपुर प्रथम
कन्नौज,196. Chhibramau,8-गुगरपुर एवं तालग्राम
कन्नौज,196. Chhibramau,9-तालग्राम प्रथम
कन्नौज,196. Chhibramau,10-तालग्राम द्वितीय
कन्नौज,196. Chhibramau,11-तालग्राम तृतीय
कन्नौज,196. Chhibramau,12-तालग्राम एवं छिबरामऊ
कन्नौज,196. Chhibramau,13-छिबरामऊ उत्तर पूर्वी
कन्नौज,196. Chhibramau,14-छिबरामऊ पश्चिमी
कन्नौज,196. Chhibramau,15-छिबरामऊ मध्य
कन्नौज,196. Chhibramau,16-छिबरामऊ पश्चिमी दक्षिणी
कन्नौज,197. Tirwa,17-सौरिख प्रथम
कन्नौज,197. Tirwa,18-सौरिख द्वितीय
कन्नौज,197. Tirwa,19-सौरिख तृतीय
कन्नौज,197. Tirwa,20-सौरिख एवं हसेरन
कन्नौज,197. Tirwa,21-हसेरन प्रथम
कन्नौज,197. Tirwa,22-हसेरन द्वितीय
कन्नौज,197. Tirwa,23-उमर्दा प्रथम
कन्नौज,197. Tirwa,24-उमर्दा द्वितीय
कन्नौज,197. Tirwa,25-उमर्दा तृतीय
कन्नौज,197. Tirwa,26-उमर्दा चतुर्थ
कन्नौज,197. Tirwa,27-उमर्दा पंचम
कन्नौज,197. Tirwa,28-उमर्दा षष्ठम
कानपुर देहात,206. Akbarpur Rania,1-कटेठी
कानपुर देहात,205. Rasulabad,2-तिलौची
कानपुर देहात,206. Akbarpur Rania,3-उमरन
कानपुर देहात,206. Akbarpur Rania,4-भुजपुरा
कानपुर देहात,206. Akbarpur Rania,5-रंजीतपुर
कानपुर देहात,206. Akbarpur Rania,6-मवैया
कानपुर देहात,206. Akbarpur Rania,7-औंगी
कानपुर देहात,205. Rasulabad,8-असालतगंज
कानपुर देहात,205. Rasulabad,9-रसूलाबाद प्रथम
कानपुर देहात,205. Rasulabad,10-रसूलाबाद द्वितीय
कानपुर देहात,205. Rasulabad,11-बिरूहुन
कानपुर देहात,205. Rasulabad,12-सुनासी
कानपुर देहात,205. Rasulabad,13-जजमुइया
कानपुर देहात,205. Rasulabad,14-लक्ष्मणपुर पिलख
कानपुर देहात,205. Rasulabad,15-परजनी
कानपुर देहात,206. Akbarpur Rania,16-संदलपुर प्रथम
कानपुर देहात,207. Sikandra,17-संदलपुर द्वितीय
कानपुर देहात,207. Sikandra,18-राजपुर प्रथम
कानपुर देहात,207. Sikandra,19-राजपुर द्वितीय
कानपुर देहात,207. Sikandra,20-राजपुर तृतीय
कानपुर देहात,208. Bhognipur,21-देवरहट
कानपुर देहात,208. Bhognipur,22-भोगनीपुर
कानपुर देहात,208. Bhognipur,23-शाहजहांपुर
कानपुर देहात,208. Bhognipur,24-कुढ़वा
कानपुर देहात,208. Bhognipur,25-मुरलीपुर
कानपुर देहात,207. Sikandra,26-बरौर
कानपुर देहात,207. Sikandra,27-नोनारी बुजुर्ग
कानपुर देहात,207. Sikandra,28-सिठमरा
कानपुर देहात,207. Sikandra,29-मुगीसापुर
कानपुर देहात,206. Akbarpur Rania,30-जगनपुर
कानपुर देहात,206. Akbarpur Rania,31-बारा
कानपुर देहात,206. Akbarpur Rania,32-तिगाई
कानपुर नगर,210. Bithoor,1-कल्याणपुर
कानपुर नगर,210. Bithoor,2-सचेण्डी
कानपुर नगर,210. Bithoor,3-बिनौर
कानपुर नगर,209. Bilhaur,4-मालौ
कानपुर नगर,210. Bithoor,5-पेम
कानपुर नगर,209. Bilhaur,6-चौबेपुर
कानपुर नगर,209. Bilhaur,7-मुश्ता
कानपुर नगर,209. Bilhaur,8-विलहन
कानपुर नगर,209. Bilhaur,9-धिमऊ
कानपुर नगर,209. Bilhaur,10-राधन
कानपुर नगर,209. Bilhaur,11-नानामऊ
कानपुर नगर,209. Bilhaur,12-बरण्डा
कानपुर नगर,209. Bilhaur,13-ककवन
कानपुर नगर,209. Bilhaur,14-कसिगवां
कानपुर नगर,218. Ghatampur,15-चौबेपुर घाटमपुर
कानपुर नगर,218. Ghatampur,16-मकरन्दपुर
कानपुर नगर,218. Ghatampur,17-समुही
कानपुर नगर,218. Ghatampur,18-परास
कानपुर नगर,218. Ghatampur,19-पतारी
कानपुर नगर,218. Ghatampur,20-कुन्दौली
कानपुर नगर,217. Maharajpur,21-बीरनखेड़ा
कानपुर नगर,218. Ghatampur,22-बेहटा बुजुर्ग
कानपुर नगर,218. Ghatampur,23-गिरसी
कानपुर नगर,218. Ghatampur,24-पतारा
कानपुर नगर,210. Bithoor,25-पड़रीलालपुर
कानपुर नगर,210. Bithoor,26-रमईपुर
कानपुर नगर,210. Bithoor,27-जामू
कानपुर नगर,210. Bithoor,28-कठारा
कानपुर नगर,217. Maharajpur,29-नर्वल
कानपुर नगर,217. Maharajpur,30-सरसौल
कानपुर नगर,217. Maharajpur,31-सिकठिया
कानपुर नगर,210. Bithoor,32-पालीभोगीपुर
कासगंज,102. Patiyali,1-पटियाली प्रथम
कासगंज,102. Patiyali,2-पटियाली द्वितीय
कासगंज,102. Patiyali,3-पटियाली एवं गंज डुण्डवारा
कासगंज,102. Patiyali,4-गंजडुण्डवारा प्रथम
कासगंज,102. Patiyali,5-गंजडुण्डवारा द्वितीय
कासगंज,101. Amanpur,6-गंजडुण्डवारा एवं सहावर
कासगंज,102. Patiyali,7-गंजडुण्डवारा तृतीय
कासगंज,102. Patiyali,8-सिढपुरा प्रथम
कासगंज,101. Amanpur,9-सिढपुरा द्वितीय
कासगंज,101. Amanpur,10-सिढपुरा एवं सहावर
कासगंज,101. Amanpur,11-सहावर
कासगंज,101. Amanpur,12-सहावर एवं सोरों
कासगंज,101. Amanpur,13-अमापुर प्रथम
कासगंज,101. Amanpur,14-अमापुर द्वितीय
कासगंज,101. Amanpur,15-अमापुर तृतीय
कासगंज,100. Kasganj,16-सोरों प्रथम
कासगंज,100. Kasganj,17-सोरों द्वितीय
कासगंज,100. Kasganj,18-सोरों तृतीय
कासगंज,100. Kasganj,19-सोरों चतुर्थ
कासगंज,100. Kasganj,20-सोरों एवं कासगंज
कासगंज,100. Kasganj,21-कासगंज प्रथम
कासगंज,100. Kasganj,22-कासगंज द्वितीय
कासगंज,100. Kasganj,23-कासगंज तृतीय
कुशीनगर,330. Padrauna,1-विशुनपुरा उत्तरी
कुशीनगर,330. Padrauna,2-विशुनपुरा पश्चिमी
कुशीनगर,330. Padrauna,3-विशुनपुरा मध्य
कुशीनगर,330. Padrauna,4-विशुनपुरा दक्षिणी
कुशीनगर,330. Padrauna,5-विशुनपुरा पूर्वी
कुशीनगर,329. Khadda,6-खड्डा पूर्वी
कुशीनगर,329. Khadda,7-खड्डा मध्य
कुशीनगर,329. Khadda,8-खड्डा उत्तरी
कुशीनगर,329. Khadda,9-खड्डा पश्चिमी
कुशीनगर,329. Khadda,10-ने0 नौ0 उत्तरी
कुशीनगर,329. Khadda,11-ने0 नौ0 पश्चिमी
कुशीनगर,329. Khadda,12-ने0 नौ0 दक्षिणी
कुशीनगर,329. Khadda,13-ने0 नौ0 पूरबी
कुशीनगर,335. Ramkola,14-रामकोला उत्तरी
कुशीनगर,335. Ramkola,15-रामकोला पश्चिमी
कुशीनगर,335. Ramkola,16-रामकोला मध्य
कुशीनगर,335. Ramkola,17-रामकोला दक्षिणी
कुशीनगर,335. Ramkola,18-रामकोला पूर्वी
कुशीनगर,335. Ramkola,19-कप्तानगंज पू्रवी
कुशीनगर,335. Ramkola,20-कप्तानगंज उत्तरी
कुशीनगर,335. Ramkola,21-कप्तानगंज मध्य
कुशीनगर,335. Ramkola,22-कप्तान गंज पश्चिमी
कुशीनगर,334. Hata,23-सुकरौली उत्तरी
कुशीनगर,334. Hata,24-सुकरौली मध्य
कुशीनगर,334. Hata,25-सुकरौली दक्षिणी
कुशीनगर,334. Hata,26-मोतीचक पूर्वी
कुशीनगर,334. Hata,27-मोतीचक उत्तरी
कुशीनगर,334. Hata,28-मोतीचक मध्य
कुशीनगर,334. Hata,29-मोतीचक दक्षिणी
कुशीनगर,334. Hata,30-हाटा उत्तरी
कुशीनगर,334. Hata,31-हाटा पूर्वी
कुशीनगर,334. Hata,32-हाटा दक्षिणी
कुशीनगर,333. Kushinagar,33-कसया पूर्वी
कुशीनगर,333. Kushinagar,34-कसया दक्षिणी
कुशीनगर,332. Fazilnagar,35-फाजिलनगर पूर्वी
कुशीनगर,332. Fazilnagar,36-फाजिलपुर दक्षिणी
कुशीनगर,332. Fazilnagar,37-फाजिलपुर मध्य
कुशीनगर,332. Fazilnagar,38-फाजिलनगर पश्चिमी
कुशीनगर,331. Tamkuhi Raj,39-तमकुही दक्षिणी
कुशीनगर,331. Tamkuhi Raj,40-तमकुही पूर्वी
कुशीनगर,331. Tamkuhi Raj,41-तमकुही मध्य
कुशीनगर,331. Tamkuhi Raj,42-तमकुही उत्तरी
कुशीनगर,331. Tamkuhi Raj,43-तमकुही पश्चिमी
कुशीनगर,331. Tamkuhi Raj,44-सेवरही उ0 पूर्वी
कुशीनगर,331. Tamkuhi Raj,45-सेवरही उ0 पश्चिमी
कुशीनगर,331. Tamkuhi Raj,46-सेवरही दक्षिणी
कुशीनगर,331. Tamkuhi Raj,47-सेवरही मध्य पूर्वी
कुशीनगर,331. Tamkuhi Raj,48-सेवरही द0 पूर्वी
कुशीनगर,332. Fazilnagar,49-दुदही उत्तरी
कुशीनगर,332. Fazilnagar,50-दुदही पूर्वी
कुशीनगर,332. Fazilnagar,51-दुदही मध्य
कुशीनगर,332. Fazilnagar,52-दुदही दक्षिणी
कुशीनगर,332. Fazilnagar,53-दुदही.दक्षिण एवं पश्चिम
कुशीनगर,332. Fazilnagar,54-दुदही पश्चिम उत्तर
कुशीनगर,330. Padrauna,55-पडरौना पूर्वी
कुशीनगर,330. Padrauna,56-पडरौना पूर्वी0 उ0
कुशीनगर,330. Padrauna,57-पडरौना उत्तरी
कुशीनगर,330. Padrauna,58-पडरौना उ0 पश्चिमी
कुशीनगर,330. Padrauna,59-पडरौना पश्चिमी
कुशीनगर,330. Padrauna,60-पडरौना पश्चिमी द0
कुशीनगर,330. Padrauna,61-पडरौना दक्षिणी
कौशाम्बी,253. Chayal,1-चायल प्रथम
कौशाम्बी,253. Chayal,2-चायल मूरतगंज
कौशाम्बी,253. Chayal,3-मूरतगंज प्रथम
कौशाम्बी,253. Chayal,4-मूरतगंज द्वितीय
कौशाम्बी,253. Chayal,5-मूरतगंज एवं सिराथू
कौशाम्बी,251. Sirathu,6-कड़ा-सिराथू
कौशाम्बी,251. Sirathu,7-कड़ा द्वितीय
कौशाम्बी,251. Sirathu,8-कड़ा तृतीय
कौशाम्बी,251. Sirathu,9-कड़ा चतुर्थ
कौशाम्बी,251. Sirathu,10-सिराथू प्रथम
कौशाम्बी,251. Sirathu,11-सिराथू द्वितीय
कौशाम्बी,251. Sirathu,12-सिराथू एवं कड़ा
कौशाम्बी,251. Sirathu,13-सिराथू चतुर्थ
कौशाम्बी,252. Manjhanpur,14-मंझनपुर प्रथम
कौशाम्बी,252. Manjhanpur,15-मंझनपुर द्वितीय
कौशाम्बी,252. Manjhanpur,16-मंझनपुर तृतीय
कौशाम्बी,252. Manjhanpur,17-सरसवां प्रथम
कौशाम्बी,252. Manjhanpur,18-सरसवां द्वितीय
कौशाम्बी,252. Manjhanpur,19-सरसवां तृतीय
कौशाम्बी,252. Manjhanpur,20-सरसवां एवं कौशाम्बी
कौशाम्बी,253. Chayal,21-कौशाम्बी प्रथम
कौशाम्बी,253. Chayal,22-कौशाम्बी द्वितीय
कौशाम्बी,253. Chayal,23-कौशाम्बी एवं नेवादा
कौशाम्बी,253. Chayal,24-नेवादा प्रथम
कौशाम्बी,253. Chayal,25-नेवादा द्वितीय
कौशाम्बी,253. Chayal,26-नेवादा तृतीय
गाजियाबाद,54. Muradnagar,1-भोजपुर प्रथम
गाजियाबाद,54. Muradnagar,2-भोजपुर द्वितीय
गाजियाबाद,54. Muradnagar,3-भोजपुर तृतीय
गाजियाबाद,54. Muradnagar,4-भोजपुर चतुर्थ
गाजियाबाद,54. Muradnagar,5-भोजपुर व मुरादनगर
गाजियाबाद,54. Muradnagar,6-मुरादनगर प्रथम
गाजियाबाद,54. Muradnagar,7-मुरादनगर द्वितीय
गाजियाबाद,54. Muradnagar,8-मुरादनगर व रजापुर
गाजियाबाद,55. Sahibabad,9-रजापुर प्रथम
गाजियाबाद,55. Sahibabad,10-रजापुर द्वितीय
गाजियाबाद,55. Sahibabad,11-रजापुर तृतीय
गाजियाबाद,53. Loni,12-लोनी प्रथम
गाजियाबाद,53. Loni,13-लोनी द्वितीय
गाजियाबाद,53. Loni,14-लोनी तृतीय
गाज़ीपुर,377. Zahoorabad,1-बाराचवर प्रथम
गाज़ीपुर,377. Zahoorabad,2-बाराचवर द्वितीय
गाज़ीपुर,377. Zahoorabad,3-बाराचवर तृतीय
गाज़ीपुर,377. Zahoorabad,4-बाराचवर चतुर्थ
गाज़ीपुर,377. Zahoorabad,5-कासिमाबाद प्रथम
गाज़ीपुर,377. Zahoorabad,6-कासिमाबाद द्वितीय
गाज़ीपुर,377. Zahoorabad,7-कासिमाबाद तृतीय
गाज़ीपुर,377. Zahoorabad,8-कासिमाबाद चतुर्थ
गाज़ीपुर,377. Zahoorabad,9-कासिमाबाद पंचम
गाज़ीपुर,377. Zahoorabad,10-कासिमाबाद षष्टम
गाज़ीपुर,377. Zahoorabad,11-मरदह प्रथम
गाज़ीपुर,377. Zahoorabad,12-मरदह द्वितीय
गाज़ीपुर,376. Jangipur,13-मरदह तृतीय
गाज़ीपुर,376. Jangipur,14-बिरनों प्रथम
गाज़ीपुर,376. Jangipur,15-बिरनों द्वितीय
गाज़ीपुर,376. Jangipur,16- बिरनों तृतीय
गाज़ीपुर,373. Jakhanian,17-मनिहारी प्रथम
गाज़ीपुर,373. Jakhanian,18-मनिहारी द्वितीय
गाज़ीपुर,373. Jakhanian,19-मनिहारी तृतीय
गाज़ीपुर,375. Ghazipur Sadar,20-मनिहारी चतुर्थ
गाज़ीपुर,373. Jakhanian,21-मनिहारी पंचम
गाज़ीपुर,373. Jakhanian,22-जखनियॉ प्रथम
गाज़ीपुर,373. Jakhanian,23-जखनियॉ द्वितीय
गाज़ीपुर,373. Jakhanian,24-जखनियॉ तृतीय
गाज़ीपुर,373. Jakhanian,25-जखनियॉ चतुर्थ
गाज़ीपुर,373. Jakhanian,26-जखनियॉ पंचम
गाज़ीपुर,373. Jakhanian,27-सादात प्रथम
गाज़ीपुर,373. Jakhanian,28-सादात द्वितीय
गाज़ीपुर,373. Jakhanian,29-सादात तृतीय
गाज़ीपुर,374. Saidpur,30-सैदपुर प्रथम
गाज़ीपुर,374. Saidpur,31-सैदपुर द्वितीय
गाज़ीपुर,374. Saidpur,32-सैदपुर तृतीय
गाज़ीपुर,374. Saidpur,33-सैदपुर चतुर्थ
गाज़ीपुर,374. Saidpur,34-सैदपुर पंचम
गाज़ीपुर,374. Saidpur,35-देवकली प्रथम
गाज़ीपुर,374. Saidpur,36-देवकली द्वितीय
गाज़ीपुर,374. Saidpur,37-देवकली तृतीय
गाज़ीपुर,375. Ghazipur Sadar,38-देवकली चतुर्थ
गाज़ीपुर,375. Ghazipur Sadar,39-देवकली पंचम
गाज़ीपुर,375. Ghazipur Sadar,40-करण्डा प्रथम
गाज़ीपुर,375. Ghazipur Sadar,41-करण्डा द्वितीय
गाज़ीपुर,375. Ghazipur Sadar,42-करण्डा तृतीय
गाज़ीपुर,375. Ghazipur Sadar,43-सदर प्रथम
गाज़ीपुर,376. Jangipur,44-सदर द्वितीय
गाज़ीपुर,376. Jangipur,45-सदर तृतीय
गाज़ीपुर,376. Jangipur,46-सदर चतुर्थ
गाज़ीपुर,376. Jangipur,47-रेवतीपुर प्रथम
गाज़ीपुर,378. Mohammadabad,48-रेवतीपुर द्वितीय
गाज़ीपुर,378. Mohammadabad,49-रेवतीपुर तृतीय
गाज़ीपुर,379. Zamaniya,50-रेवतीपुर चतुर्थ
गाज़ीपुर,379. Zamaniya,51-जमानियॉ प्रथम
गाज़ीपुर,379. Zamaniya,52-जमानियॉ द्वितीय
गाज़ीपुर,379. Zamaniya,53-जमानियॉ तृतीय
गाज़ीपुर,379. Zamaniya,54-जमानियॉ चतुर्थ
गाज़ीपुर,379. Zamaniya,55-जमानियॉ पंचम
गाज़ीपुर,379. Zamaniya,56-भदौरा प्रथम
गाज़ीपुर,379. Zamaniya,57-भदौरा द्वितीय
गाज़ीपुर,379. Zamaniya,58-भदौरा तृतीय
गाज़ीपुर,379. Zamaniya,59-भदौरा चतुर्थ
गाज़ीपुर,378. Mohammadabad,60-मुहम्मदाबाद प्रथम
गाज़ीपुर,378. Mohammadabad,61-मुहम्मदाबाद द्वितीय
गाज़ीपुर,378. Mohammadabad,62-मुहम्मदाबाद तृतीय
गाज़ीपुर,378. Mohammadabad,63-मुहम्मदाबाद चतुर्थ
गाज़ीपुर,378. Mohammadabad,64-भांवरकोल चतुर्थ
गाज़ीपुर,378. Mohammadabad,65-भांवरकोल प्रथम
गाज़ीपुर,378. Mohammadabad,66-भांवरकोल द्वितीय
गाज़ीपुर,378. Mohammadabad,67-भांवरकोल तृतीय
गोंडा,295. Mehnaun,1- इटियाथोक प्रथम
गोंडा,295. Mehnaun,2- इटियाथोक द्वितीय
गोंडा,295. Mehnaun,3- इटियाथोक तृतीय
गोंडा,295. Mehnaun,4- इटियाथोक चतुर्थ
गोंडा,297. Katra Bazar,5-रूपईडीह प्रथम
गोंडा,297. Katra Bazar,6-रूपईडीह द्वितीय
गोंडा,297. Katra Bazar,7-रूपईडीह तृतीय
गोंडा,297. Katra Bazar,8-रूपईडीह चतुर्थ
गोंडा,297. Katra Bazar,9-रूपईडीह पंचम
गोंडा,297. Katra Bazar,10-कटराबाजार प्रथम
गोंडा,297. Katra Bazar,11-कटराबाजार द्वितीय
गोंडा,297. Katra Bazar,12-कटराबाजार तृतीय
गोंडा,297. Katra Bazar,13-कटराबाजार चतुर्थ
गोंडा,297. Katra Bazar,14-हलधरमऊ प्रथम
गोंडा,297. Katra Bazar,15-हलधरमऊ द्वितीय
गोंडा,297. Katra Bazar,16-हलधरमऊ तृतीय
गोंडा,297. Katra Bazar,17-हलधरमऊ चतुर्थ
गोंडा,298. Colonelganj,18-करनैलगंज प्रथम
गोंडा,298. Colonelganj,19-करनैलगंज द्वितीय
गोंडा,298. Colonelganj,20-करनैलगंज तृतीय
गोंडा,298. Colonelganj,21- परसपुर प्रथम
गोंडा,298. Colonelganj,22- परसपुर द्वितीय
गोंडा,298. Colonelganj,23- परसपुर तृतीय
गोंडा,298. Colonelganj,24- परसपुर चतुर्थ
गोंडा,298. Colonelganj,25- परसपुर पंचम
गोंडा,299. Tarabganj,26- बेलसर प्रथम
गोंडा,299. Tarabganj,27- बेलसर द्वितीय
गोंडा,299. Tarabganj,28- बेलसर तृतीय
गोंडा,299. Tarabganj,29- बेलसर चतुर्थ
गोंडा,299. Tarabganj,30- तरबगंज प्रथम
गोंडा,299. Tarabganj,31- तरबगंज द्वितीय
गोंडा,299. Tarabganj,32- तरबगंज तृतीय
गोंडा,299. Tarabganj,33- तरबगंज चतुर्थ
गोंडा,299. Tarabganj,34- वजीरगंज प्रथम
गोंडा,299. Tarabganj,35- वजीरगंज द्वितीय
गोंडा,299. Tarabganj,36- वजीरगंज तृतीय
गोंडा,299. Tarabganj,37-नवाबगंज प्रथम
गोंडा,299. Tarabganj,38-नवाबगंज द्वितीय
गोंडा,299. Tarabganj,39-नवाबगंज तृतीय
गोंडा,299. Tarabganj,40-नवाबगंज चतुर्थ
गोंडा,300. Mankapur,41-मनकापुर प्रथम
गोंडा,300. Mankapur,42-मनकापुर द्वितीय
गोंडा,300. Mankapur,43-मनकापुर तृतीय
गोंडा,300. Mankapur,44-मनकापुर चतुर्थ
गोंडा,300. Mankapur,45-मनकापुर पंचम
गोंडा,301. Gaura,46-छपिया प्रथम
गोंडा,301. Gaura,47-छपिया द्वितीय
गोंडा,301. Gaura,48-छपिया तृतीय
गोंडा,301. Gaura,49-छपिया चतुर्थ
गोंडा,301. Gaura,50-बभनजोत प्रथम
गोंडा,301. Gaura,51-बभनजोत द्वितीय
गोंडा,301. Gaura,52-बभनजोत तृतीय
गोंडा,301. Gaura,53-बभनजोत चतुर्थ
गोंडा,295. Mehnaun,54-मुजेहना प्रथम
गोंडा,295. Mehnaun,55-मुजेहना द्वितीय
गोंडा,295. Mehnaun,56-मुजेहना तृतीय
गोंडा,295. Mehnaun,57-मुजेहना चतुर्थ
गोंडा,296. Gonda,58-पण्डरीकृपाल प्रथम
गोंडा,296. Gonda,59-पण्डरीकृपाल द्वितीय
गोंडा,296. Gonda,60-पण्डरीकृपाल तृतीय
गोंडा,296. Gonda,61-झंझरी प्रथम
गोंडा,296. Gonda,62-झंझरी द्वितीय
गोंडा,296. Gonda,63-झंझरी तृतीय
गोंडा,296. Gonda,64-झंझरी चतुर्थ
गोंडा,296. Gonda,65-झंझरी पंचम
गोरखपुर,321. Pipraich,1-पिपराइच प्रथम
गोरखपुर,321. Pipraich,2-पिपराइच द्वितीय
गोरखपुर,321. Pipraich,3-पिपराइच तृतीय
गोरखपुर,321. Pipraich,4-पिपराइच एवं  भटहट
गोरखपुर,321. Pipraich,5-भटहट प्रथम
गोरखपुर,321. Pipraich,6-भटहट द्वितीय
गोरखपुर,321. Pipraich,7-भटहट तृतीय
गोरखपुर,321. Pipraich,8-भटहट एवं  चरगांवा
गोरखपुर,321. Pipraich,9-चरगांवा प्रथम
गोरखपुर,321. Pipraich,10-चरगांवा द्वितीय
गोरखपुर,321. Pipraich,11-चरगांवा तृतीय
गोरखपुर,320. Campiyarganj,12-जंगल कौड़िया प्रथम
गोरखपुर,320. Campiyarganj,13-जंगल कौड़िया द्वितीय
गोरखपुर,320. Campiyarganj,14-जं0 कौड़िया भरोहिया
गोरखपुर,320. Campiyarganj,15-भरोहिया प्रथम
गोरखपुर,320. Campiyarganj,16-भरोहिया कैम्पियरगंज
गोरखपुर,320. Campiyarganj,17-कैम्पियरगंज प्रथम
गोरखपुर,320. Campiyarganj,18-कैम्पियरगंज द्वितीय
गोरखपुर,320. Campiyarganj,19-कैम्पियरगंज तृतीय
गोरखपुर,320. Campiyarganj,20-कैम्पियरगंज चतुर्थ
गोरखपुर,324. Sahajanwa,21-पाली  प्रथम
गोरखपुर,324. Sahajanwa,22-पाली द्वितीय
गोरखपुर,324. Sahajanwa,23-पाली  एवं  सहजनवां
गोरखपुर,324. Sahajanwa,24-सहजनवां प्रथम
गोरखपुर,324. Sahajanwa,25-सहजनवां  द्वितीय
गोरखपुर,324. Sahajanwa,26-सहजनवां तृतीय
गोरखपुर,321. Pipraich,27-पिपरौली प्रथम
गोरखपुर,324. Sahajanwa,28-पिपरौली द्वितीय
गोरखपुर,324. Sahajanwa,29-पिपरौली तृतीय
गोरखपुर,324. Sahajanwa,30-पिपरौली एवं  खजनी
गोरखपुर,325. Khajani,31-खजनी प्रथम
गोरखपुर,325. Khajani,32-खजनी  द्वितीय
गोरखपुर,325. Khajani,33-खजनी  तृतीय
गोरखपुर,325. Khajani,34-खजनी एवं  बेलघाट
गोरखपुर,325. Khajani,35-बेलघाट प्रथम
गोरखपुर,325. Khajani,36-बेलघाट  द्वितीय
गोरखपुर,325. Khajani,37-बेलघाट  तृतीय
गोरखपुर,328. Chillupar,38-बेलघाट  एवं उरूवा
गोरखपुर,328. Chillupar,39-उरूवा प्रथम
गोरखपुर,328. Chillupar,40-उरूवा  द्वितीय
गोरखपुर,328. Chillupar,41-उरूवा  तृतीय
गोरखपुर,328. Chillupar,42-उरूवा  एवं गोला
गोरखपुर,328. Chillupar,43-गोला प्रथम
गोरखपुर,328. Chillupar,44-गोला द्वितीय
गोरखपुर,328. Chillupar,45-बड़हलगंज प्रथम
गोरखपुर,328. Chillupar,46-बड़हलगंज  द्वितीय
गोरखपुर,328. Chillupar,47-बड़हलगंज  तृतीय
गोरखपुर,328. Chillupar,48-बड़हलगंज  एवं  गगहा
गोरखपुर,328. Chillupar,49- गगहा  प्रथम
गोरखपुर,327. Bansgaon,50-गगहा द्वितीय
गोरखपुर,327. Bansgaon,51-गगहा तृतीय
गोरखपुर,327. Bansgaon,52-गगहा एवं  बांसगांव
गोरखपुर,327. Bansgaon,53-बांसगांव प्रथम
गोरखपुर,327. Bansgaon,54-बांसगांव  द्वितीय
गोरखपुर,327. Bansgaon,55-बांसगांव  एवं कौड़ीराम
गोरखपुर,327. Bansgaon,56-कौड़ीराम प्रथम
गोरखपुर,327. Bansgaon,57-कौड़ीराम  द्वितीय
गोरखपुर,327. Bansgaon,58-कौड़ीराम तृतीय
गोरखपुर,327. Bansgaon,59-कौड़ीराम एवं   ब्रम्हपुर
गोरखपुर,325. Khajani,60-ब्रम्हपुर प्रथम
गोरखपुर,325. Khajani,61-ब्रम्हपुर  द्वितीय
गोरखपुर,325. Khajani,62-ब्रम्हपुर तृतीय
गोरखपुर,321. Pipraich,63-ब्रम्हपुर एवं  खोराबार
गोरखपुर,321. Pipraich,64-खोराबार प्रथम
गोरखपुर,321. Pipraich,65-खोराबार  द्वितीय
गोरखपुर,326. Chauri Chaura,66-सरदारनगर  प्रथम
गोरखपुर,326. Chauri Chaura,67-सरदारनगर द्वितीय
गोरखपुर,326. Chauri Chaura,68-सरदारनगर तृतीय
गौतमबुद्ध नगर,62. Dadri,1 - बिसरख 1
गौतमबुद्ध नगर,62. Dadri,2 - बिसरख 2
गौतमबुद्ध नगर,62. Dadri,3 - दादरी 3
गौतमबुद्ध नगर,62. Dadri,4 - दादरी 4
गौतमबुद्ध नगर,63. Jewar,5 - जेवर 1
चन्दौली,382. Saiyadraja,1-धानापुर प्रथम
चन्दौली,382. Saiyadraja,2-धानापुर द्वितीय
चन्दौली,382. Saiyadraja,3-धानापुर तृतीय
चन्दौली,382. Saiyadraja,4-धानापुर चतुर्थ
चन्दौली,381. Sakaldiha,5-चहनियां  प्रथम
चन्दौली,381. Sakaldiha,6-चहनियां  द्वितीय
चन्दौली,381. Sakaldiha,7-चहनियां तृतीय
चन्दौली,381. Sakaldiha,8-चहनियां चतुर्थ
चन्दौली,381. Sakaldiha,9-सकलडीहा प्रथम
चन्दौली,381. Sakaldiha,10-सकलडीहा द्वितीय
चन्दौली,381. Sakaldiha,11-सकलडीहा  तृतीय
चन्दौली,381. Sakaldiha,12-सकलडीहा  चतुर्थ
चन्दौली,381. Sakaldiha,13-सकलडीहा पंचम
चन्दौली,380. Mughalsarai,14-नियामताबाद  प्रथम
चन्दौली,380. Mughalsarai,15-नियामताबाद  द्वितीय
चन्दौली,380. Mughalsarai,16-नियामताबाद  तृतीय
चन्दौली,380. Mughalsarai,17-नियामताबाद  चतुर्थ
चन्दौली,380. Mughalsarai,18-नियामताबाद पंचम
चन्दौली,380. Mughalsarai,19-नियामताबाद षष्ठ
चन्दौली,380. Mughalsarai,20-चन्दौली  प्रथम
चन्दौली,380. Mughalsarai,21-चन्दौली द्वितीय
चन्दौली,380. Mughalsarai,22-चन्दौली तृतीय
चन्दौली,380. Mughalsarai,23-चन्दौली चतुर्थ
चन्दौली,383. Chakia,24-चकिया  प्रथम
चन्दौली,383. Chakia,25-चकिया द्वितीय
चन्दौली,383. Chakia,26-चकिया तृतीय
चन्दौली,383. Chakia,27-नौगढ़ प्रथम
चन्दौली,383. Chakia,28-नौगढ़  द्वितीय
चन्दौली,383. Chakia,29-शहाबगंज प्रथम
चन्दौली,383. Chakia,30-शहाबगंज द्वितीय
चन्दौली,383. Chakia,31-शहाबगंज तृतीय
चन्दौली,382. Saiyadraja,32-बरहनी प्रथम
चन्दौली,382. Saiyadraja,33-बरहनी  द्वितीय
चन्दौली,382. Saiyadraja,34-बरहनी तृतीय
चन्दौली,382. Saiyadraja,35-बरहनी चतुर्थ
चित्रकूट,236. Chitrakoot,1-बरगढ़
चित्रकूट,237. Manikpur,2-मण्डौर
चित्रकूट,236. Chitrakoot,3-खण्‍डेहा
चित्रकूट,237. Manikpur,4-हन्नाबिनैका
चित्रकूट,236. Chitrakoot,5-इटावा
चित्रकूट,236. Chitrakoot,6-भदेदू
चित्रकूट,236. Chitrakoot,7-सरधुवा
चित्रकूट,236. Chitrakoot,8-ओरा
चित्रकूट,236. Chitrakoot,9-पहाड़ी
चित्रकूट,236. Chitrakoot,10-परसौजा
चित्रकूट,236. Chitrakoot,11-भैसौधा
चित्रकूट,236. Chitrakoot,12-अकबरपुर
चित्रकूट,236. Chitrakoot,13-रसिन
चित्रकूट,236. Chitrakoot,14-रैपुरा
चित्रकूट,237. Manikpur,15-भौरी
चित्रकूट,236. Chitrakoot,16-सरैया
चित्रकूट,237. Manikpur,17-चुरेहकशेरुवा
जालौन,219. Madhogarh,1-बबीना
जालौन,219. Madhogarh,2-अकबरपुर
जालौन,220. Kalpi,3-परासन
जालौन,220. Kalpi,4-चतेला
जालौन,220. Kalpi,5-ऐंर
जालौन,221. Orai,6-डकोर
जालौन,221. Orai,7-जैसारी कला
जालौन,220. Kalpi,8-गढ़र
जालौन,220. Kalpi,9-दिरावटी
जालौन,221. Orai,10-पहाड़गांव
जालौन,219. Madhogarh,11-कैलिया बुजुर्ग
जालौन,219. Madhogarh,12-खकसीस
जालौन,219. Madhogarh,13-रेढ़र
जालौन,219. Madhogarh,14-सिकरी राजा
जालौन,220. Kalpi,15-सहाव
जालौन,220. Kalpi,16-शहजादपुरा
जालौन,219. Madhogarh,17-गोहन
जालौन,219. Madhogarh,18-हरौली
जालौन,219. Madhogarh,19-मई
जालौन,219. Madhogarh,20-जगम्मनपुर
जालौन,219. Madhogarh,21-बावली
जालौन,221. Orai,22-सिरसा कलार
जालौन,219. Madhogarh,23-कुठौन्द
जालौन,220. Kalpi,24-महेवा
जालौन,220. Kalpi,25-चुर्खी
जौनपुर,366. Jaunpur,1-करंजाकला प्रथम
जौनपुर,366. Jaunpur,2-करंजाकला द्वितीय
जौनपुर,366. Jaunpur,3-करंजाकला तृतीय
जौनपुर,366. Jaunpur,4-करंजाकला चतुर्थ
जौनपुर,366. Jaunpur,5-करंजाकला पंचम
जौनपुर,365. Shahganj,6-शाहगंज प्रथम
जौनपुर,365. Shahganj,7-शाहगंज द्वितीय
जौनपुर,365. Shahganj,8-शाहगंज तृतीय
जौनपुर,365. Shahganj,9-शाहगंज चतुर्थ
जौनपुर,365. Shahganj,10-शाहगंज पंचम
जौनपुर,365. Shahganj,11-शाहगंज षष्टम
जौनपुर,365. Shahganj,12-सुईथाकला प्रथम
जौनपुर,365. Shahganj,13-सुईथाकला  द्वितीय
जौनपुर,365. Shahganj,14-सुईथाकला  तृतीय
जौनपुर,365. Shahganj,15-सुईथाकला चतुर्थ
जौनपुर,365. Shahganj,16-खुटहन प्रथम
जौनपुर,365. Shahganj,17-खुटहन द्वितीय
जौनपुर,365. Shahganj,18-खुटहन तृतीय
जौनपुर,365. Shahganj,19-खुटहन चतुर्थ
जौनपुर,364. Badlapur,20-बदलापुर  प्रथम
जौनपुर,364. Badlapur,21-बदलापुर  द्वितीय
जौनपुर,364. Badlapur,22-बदलापुर तृतीय
जौनपुर,364. Badlapur,23-बदलापुर  चतुर्थ
जौनपुर,367. Malhani,24-बक्शा प्रथम
जौनपुर,367. Malhani,25-बक्शा  द्वितीय
जौनपुर,367. Malhani,26-बक्शा तृतीय
जौनपुर,367. Malhani,27-बक्शा चतुर्थ
जौनपुर,364. Badlapur,28-महराजगंज प्रथम
जौनपुर,364. Badlapur,29-महराजगंज द्वितीय
जौनपुर,364. Badlapur,30-महराजगंज तृतीय
जौनपुर,368. Mungra Badshahpur,31-सुजानगंज प्रथम
जौनपुर,368. Mungra Badshahpur,32-सुजानगंज द्वितीय
जौनपुर,368. Mungra Badshahpur,33-सुजानगंज तृतीय
जौनपुर,368. Mungra Badshahpur,34-सुजानगंज चतुर्थ
जौनपुर,368. Mungra Badshahpur,35-मु0 बादशाहपुर प्रथम
जौनपुर,368. Mungra Badshahpur,36-मु0 बादशाहपुर द्वितीय
जौनपुर,368. Mungra Badshahpur,37-मु0 बादशाहपुर तृतीय
जौनपुर,368. Mungra Badshahpur,38-मु0 बादशाहपुर  चतुर्थ
जौनपुर,369. Machhlishahar,39-मछलीशहर प्रथम
जौनपुर,369. Machhlishahar,40-मछलीशहर द्वितीय
जौनपुर,369. Machhlishahar,41-मछलीशहर तृतीय
जौनपुर,369. Machhlishahar,42-मछलीशहर चतुर्थ
जौनपुर,367. Malhani,43-सिकरारा प्रथम
जौनपुर,367. Malhani,44-सिकरारा  द्वितीय
जौनपुर,367. Malhani,45-सिकरारा  तृतीय
जौनपुर,367. Malhani,46-सिकरारा चतुर्थ
जौनपुर,370. Mariyahu,47-मड़ियाहूॅ  प्रथम
जौनपुर,370. Mariyahu,48-मड़ियाहूॅ द्वितीय
जौनपुर,370. Mariyahu,49-मड़ियाहूॅ  तृतीय
जौनपुर,370. Mariyahu,50-मड़ियाहूॅ चतुर्थ
जौनपुर,369. Machhlishahar,51-बरसठी प्रथम
जौनपुर,369. Machhlishahar,52-बरसठी द्वितीय
जौनपुर,369. Machhlishahar,53-बरसठी  तृतीय
जौनपुर,369. Machhlishahar,54-बरसठी चतुर्थ
जौनपुर,370. Mariyahu,55-रामपुर  प्रथम
जौनपुर,370. Mariyahu,56-रामपुर  द्वितीय
जौनपुर,370. Mariyahu,57-रामपुर  तृतीय
जौनपुर,370. Mariyahu,58-रामपुर  चतुर्थ
जौनपुर,370. Mariyahu,59-रामनगर प्रथम
जौनपुर,370. Mariyahu,60-रामनगर  द्वितीय
जौनपुर,370. Mariyahu,61-रामनगर  तृतीय
जौनपुर,370. Mariyahu,62-रामनगर चतुर्थ
जौनपुर,371. Jafrabad,63-जलालपुर प्रथम
जौनपुर,371. Jafrabad,64-जलालपुर द्वितीय
जौनपुर,371. Jafrabad,65-जलालपुर तृतीय
जौनपुर,371. Jafrabad,66-जलालपुर  चतुर्थ
जौनपुर,371. Jafrabad,67-सिरकोनी प्रथम
जौनपुर,371. Jafrabad,68-सिरकोनी  द्वितीय
जौनपुर,371. Jafrabad,69-सिरकोनी तृतीय
जौनपुर,371. Jafrabad,70-सिरकोनी  चतुर्थ
जौनपुर,371. Jafrabad,71-धर्मापुर प्रथम
जौनपुर,371. Jafrabad,72-धर्मापुर द्वितीय
जौनपुर,371. Jafrabad,73-धर्मापुर तृतीय
जौनपुर,372. Kerakat,74-मुफ्तीगंज प्रथम
जौनपुर,372. Kerakat,75-मुफ्तीगंज  द्वितीय
जौनपुर,372. Kerakat,76-मुफ्तीगंज तृतीय
जौनपुर,372. Kerakat,77-केराकत प्रथम
जौनपुर,372. Kerakat,78-केराकत  द्वितीय
जौनपुर,372. Kerakat,79-केराकत तृतीय
जौनपुर,372. Kerakat,80-केराकत चतुर्थ
जौनपुर,372. Kerakat,81-डोभी प्रथम
जौनपुर,372. Kerakat,82-डोभी द्वितीय
जौनपुर,372. Kerakat,83-डोभी  तृतीय
झांसी,225. Garautha,1-पूँछ
झांसी,225. Garautha,2-साकिन
झांसी,225. Garautha,3-भरोसा
झांसी,225. Garautha,4-सेमरी
झांसी,225. Garautha,5-पहाड़ीबुजुर्ग
झांसी,224. Mauranipur,6-बघैरा
झांसी,222. Babina,7-भोजला
झांसी,222. Babina,8-फुटेरा बरूआसागर
झांसी,222. Babina,9-रक्सा
झांसी,222. Babina,10-राजापुर
झांसी,222. Babina,11-खैलार
झांसी,222. Babina,12-बबीना रूरल
झांसी,224. Mauranipur,13-सकरार
झांसी,224. Mauranipur,14-बंगराधवा
झांसी,224. Mauranipur,15-देवरी सिंहपुरा
झांसी,224. Mauranipur,16-भदरवारा
झांसी,224. Mauranipur,17-स्यावरी
झांसी,224. Mauranipur,18-चुरारा
झांसी,222. Babina,19-सिमरधा
झांसी,225. Garautha,20-मारकुआँ
झांसी,225. Garautha,21-भस्नेह
झांसी,225. Garautha,22-ककरबई
झांसी,225. Garautha,23-कुरैठा
झांसी,225. Garautha,24-बिलाटीकरके
देवरिया,338. Pathardeva,1-पथरदे वा पूर्वी
देवरिया,338. Pathardeva,2-पथरदेवा उत्तरी
देवरिया,338. Pathardeva,3-पथरदेवा दक्षिणी
देवरिया,338. Pathardeva,4-पथरदेवा एवं तरकुलवा आंशिक
देवरिया,338. Pathardeva,5-तरकुलवा पूर्वी
देवरिया,338. Pathardeva,6-तरकुलवा पश्चिमी
देवरिया,338. Pathardeva,7-देसही उत्तरी
देवरिया,338. Pathardeva,8-देसही दक्षिणी
देवरिया,338. Pathardeva,9-देसही आंशिक एवं बैतालपुर आंशिक
देवरिया,339. Rampur Karkhana,10-रामपुर कारखाना उत्तरी
देवरिया,339. Rampur Karkhana,11-रामपुर कारखाना मध्य
देवरिया,339. Rampur Karkhana,12-रामपुर कारखाना दक्षिणी
देवरिया,339. Rampur Karkhana,13-बैतालपुर उत्तरी
देवरिया,339. Rampur Karkhana,14-बैतालपुर मध्य
देवरिया,339. Rampur Karkhana,15-बैतालपुर मध्य दक्षिणी
देवरिया,339. Rampur Karkhana,16-बैतालपुर दक्षिणी
देवरिया,336. Rudrapur,17-गौरी बाजार उत्तरी
देवरिया,336. Rudrapur,18-गौरी बाजार उत्तरी मध्य
देवरिया,336. Rudrapur,19-गौरी बाजार दक्षिणी मध्य
देवरिया,336. Rudrapur,20-गौरी बाजार दक्षिणी
देवरिया,336. Rudrapur,21-गौरीबाजार आंशिक एवं रूद्रपुर आंशिक
देवरिया,336. Rudrapur,22-रूद्रपुर पूर्वी
देवरिया,336. Rudrapur,23-रूद्रपुर पश्चिमी
देवरिया,336. Rudrapur,24-रूद्रपुर दक्षिणी
देवरिया,342. Barhaj,25-भलुअनी पश्चिमी
देवरिया,342. Barhaj,26-भलअनी पश्चिमी मध्य
देवरिया,342. Barhaj,27-भलुअनी पूर्वी मध्य
देवरिया,342. Barhaj,28-भलुअनी आंशिक एवं सलेमपुर आशिक
देवरिया,342. Barhaj,29-बरहज आंशिक एवं रूद्रपुर आंशिक
देवरिया,342. Barhaj,30-बरहज मध्य
देवरिया,342. Barhaj,31-बरहज पूर्वी
देवरिया,342. Barhaj,32-भागलपुर उत्तरी
देवरिया,342. Barhaj,33-भागलपुर मध्य
देवरिया,342. Barhaj,34-भागलपुर दक्षिणी आंशिक एवं लार आंशिक
देवरिया,341. Salempur,35-लार पूर्वी
देवरिया,341. Salempur,36-लार पश्चिमी
देवरिया,341. Salempur,37-लार दक्षिणी
देवरिया,341. Salempur,38-सलेमपुर उत्तरी
देवरिया,341. Salempur,39-सलेमपुर पश्चिमी
देवरिया,341. Salempur,40-सलेमपुर पूर्वी उत्तरी
देवरिया,341. Salempur,41-सलेमपुर आंशिक एवं भाटपाररानी आंशिक
देवरिया,340. Bhatpar Rani,42-भाटपाररानी पूर्वी
देवरिया,340. Bhatpar Rani,43-भाटपाररानी उत्तरी
देवरिया,340. Bhatpar Rani,44-भाटपाररानी पश्चिमी
देवरिया,340. Bhatpar Rani,45-भाटपाररानी आंशिक एवं बनकटा आंशिक
देवरिया,340. Bhatpar Rani,46-बनकटा उत्तरी
देवरिया,340. Bhatpar Rani,47-बनकटा मध्य
देवरिया,340. Bhatpar Rani,48-बनकटा दक्षिणी
देवरिया,340. Bhatpar Rani,49-भटनी पूर्वी
देवरिया,340. Bhatpar Rani,50-भटनी पश्चिमी
देवरिया,340. Bhatpar Rani,51-भटनी दक्षिणी
देवरिया,337. Deoria,52-देवरिया आंशिक एवं भटनी आंशिक
देवरिया,337. Deoria,53-देवरिया पूर्वी
देवरिया,337. Deoria,54-देवरियासदर उत्तरी मध्य
देवरिया,337. Deoria,55-देवरियासदर पश्चिमी
देवरिया,337. Deoria,56-देवरियासदर दक्षिणी
पीलीभीत,129. Puranpur,1-वार्ड सं0- 1
पीलीभीत,129. Puranpur,2-वार्ड सं0. 2
पीलीभीत,129. Puranpur,3-वार्ड सं0 3
पीलीभीत,129. Puranpur,4-वार्ड सं0 4
पीलीभीत,129. Puranpur,5-वार्ड सं0 5
पीलीभीत,129. Puranpur,6-वार्ड सं0 6
पीलीभीत,129. Puranpur,7-वार्ड सं0 7
पीलीभीत,129. Puranpur,8-वार्ड सं0 8
पीलीभीत,129. Puranpur,9-वार्ड सं0 9
पीलीभीत,129. Puranpur,10-वार्ड सं0 10
पीलीभीत,129. Puranpur,11-वार्ड सं0 11
पीलीभीत,127. Pilibhit,12-वार्ड सं0 12
पीलीभीत,128. Barkhera,13-वार्ड सं0 13
पीलीभीत,128. Barkhera,14-वार्ड सं0 14
पीलीभीत,128. Barkhera,15-वार्ड सं0 15
पीलीभीत,128. Barkhera,16-वार्ड सं0 16
पीलीभीत,127. Pilibhit,17-वार्ड सं0 17
पीलीभीत,127. Pilibhit,18- वार्ड सं0 18
पीलीभीत,127. Pilibhit,19-वार्ड सं0 19
पीलीभीत,127. Pilibhit,20-वार्ड सं0 20
पीलीभीत,127. Pilibhit,21-वार्ड सं0 21
पीलीभीत,127. Pilibhit,22-वार्ड सं0 22
पीलीभीत,127. Pilibhit,23-वार्ड सं0 23
पीलीभीत,128. Barkhera,24-वार्ड सं0 24
पीलीभीत,128. Barkhera,25-वार्ड सं0 25
पीलीभीत,128. Barkhera,26-वार्ड सं0 26
पीलीभीत,130. Bisalpur,27-वार्ड सं0 27
पीलीभीत,130. Bisalpur,28-वार्ड सं0 28
पीलीभीत,130. Bisalpur,29-वार्ड सं0 29
पीलीभीत,130. Bisalpur,30-वार्ड सं0 30
पीलीभीत,130. Bisalpur,31-वार्ड सं0 31
पीलीभीत,130. Bisalpur,32-वार्ड सं0 32
पीलीभीत,128. Barkhera,33-वार्ड सं0 33
पीलीभीत,130. Bisalpur,34-वार्ड सं0 34
प्रतापगढ़,249. Patti,1-आसपुरदेवसरा प्रथम
प्रतापगढ़,249. Patti,2-आसपुरदेवसरा द्वितीय
प्रतापगढ़,249. Patti,3-आसपुरदेवसरा तृतीय
प्रतापगढ़,249. Patti,4-पटटी प्रथम
प्रतापगढ़,249. Patti,5-पटटी द्वितीय
प्रतापगढ़,248. Pratapgarh,6-बाबा बेलखरनाथधाम प्रथम
प्रतापगढ़,248. Pratapgarh,7-बाबा बेलखरनाथधाम द्वितीय
प्रतापगढ़,248. Pratapgarh,8-बाबा बेलखरनाथधाम तृतीय
प्रतापगढ़,249. Patti,9-मंगरौरा प्रथम
प्रतापगढ़,249. Patti,10-मंगरौरा द्वितीय
प्रतापगढ़,249. Patti,11-मंगरौरा तृतीय
प्रतापगढ़,248. Pratapgarh,12-सदर प्रथम
प्रतापगढ़,248. Pratapgarh,13-सदर द्वितीय
प्रतापगढ़,248. Pratapgarh,14-सदर तृतीय
प्रतापगढ़,247. Vishwanathganj,15-लक्ष्मणपुर प्रथम
प्रतापगढ़,247. Vishwanathganj,16-लक्ष्मण्पुर द्वितीय
प्रतापगढ़,247. Vishwanathganj,17-लक्ष्माणपुर तृतीय
प्रतापगढ़,247. Vishwanathganj,18-सण्डवाचन्द्रिका प्रथम
प्रतापगढ़,247. Vishwanathganj,19-सण्डवाचन्द्रिका द्वितीय
प्रतापगढ़,247. Vishwanathganj,20-सण्डवाचन्द्रिका तृतीय
प्रतापगढ़,244. Rampur Khas,21-सांगीपुर प्रथम
प्रतापगढ़,248. Pratapgarh,22-सांगीपुर द्वितीय
प्रतापगढ़,248. Pratapgarh,23-सांगीपुर तृतीय
प्रतापगढ़,248. Pratapgarh,24-सांगीपुर चतुर्थ
प्रतापगढ़,244. Rampur Khas,25-लालगंज प्रथम
प्रतापगढ़,244. Rampur Khas,26-लालगंज द्वितीय
प्रतापगढ़,244. Rampur Khas,27-लालगंज तृतीय
प्रतापगढ़,244. Rampur Khas,28-रामपुरसग्रामगढ प्रथम
प्रतापगढ़,244. Rampur Khas,29-रामपुरसग्रामगढ द्वितीय
प्रतापगढ़,244. Rampur Khas,30-रामपुरसग्रामगढ तृतीय
प्रतापगढ़,246. Kunda,31-कालाकांकर प्रथम
प्रतापगढ़,246. Kunda,32-कालाकांकर द्वितीय
प्रतापगढ़,246. Kunda,33-कालाकांकर तृतीय
प्रतापगढ़,246. Kunda,34-कुण्डा प्रथम
प्रतापगढ़,246. Kunda,35-कुण्डा द्वितीय
प्रतापगढ़,246. Kunda,36-कुण्डा तृतीय
प्रतापगढ़,246. Kunda,37-कुण्डा चतुर्थ
प्रतापगढ़,246. Kunda,38-कुण्डा पंचम
प्रतापगढ़,245. Babaganj,39-बाबागंज प्रथम
प्रतापगढ़,245. Babaganj,40-बाबागंज द्वितीय
प्रतापगढ़,245. Babaganj,41-बाबागंज तृतीय
प्रतापगढ़,245. Babaganj,42-बाबागंज चतुर्थ
प्रतापगढ़,246. Kunda,43-बिहार प्रथम
प्रतापगढ़,246. Kunda,44-बिहार द्वितीय
प्रतापगढ़,246. Kunda,45-बिहार तृतीय
प्रतापगढ़,246. Kunda,46-बिहार चतुर्थ
प्रतापगढ़,246. Kunda,47-बिहार पंचम
प्रतापगढ़,247. Vishwanathganj,48-मान्धाता प्रथम
प्रतापगढ़,247. Vishwanathganj,49-मान्धाता द्वितीय
प्रतापगढ़,247. Vishwanathganj,50-मान्धाता तृतीय
प्रतापगढ़,247. Vishwanathganj,51-मान्धाता चतुर्थ
प्रतापगढ़,250. Raniganj,52-शिवगढ प्रथम
प्रतापगढ़,250. Raniganj,53-शिवगढ द्वितीय
प्रतापगढ़,250. Raniganj,54-शिवगढ तृतीय
प्रतापगढ़,250. Raniganj,55-गौरा प्रथम
प्रतापगढ़,250. Raniganj,56-गौरा द्वितीय
प्रतापगढ़,250. Raniganj,57-गौरा तृतीय
प्रयागराज,257. Pratappur,1-प्रतापपुर प्रथम
प्रयागराज,257. Pratappur,2-प्रतापपुर द्वितीय
प्रयागराज,257. Pratappur,3-प्रतापपुर तृतीय
प्रयागराज,257. Pratappur,4-प्रतापपुर चतुर्थ
प्रयागराज,258. Handia,5-धनूपुर  प्रथम
प्रयागराज,258. Handia,6-धनूपुर  द्वितीय
प्रयागराज,258. Handia,7-धनूपुर  तृतीय
प्रयागराज,258. Handia,8-धनूपुर  चतुर्थ
प्रयागराज,258. Handia,9-धनूपुर पंचम
प्रयागराज,258. Handia,10-हण्डिया  प्रथम
प्रयागराज,258. Handia,11-हण्डिया  द्वितीय
प्रयागराज,258. Handia,12-हण्डिया  तृतीय
प्रयागराज,258. Handia,13-हण्डिया चतुर्थ
प्रयागराज,257. Pratappur,14-सैदाबाद  प्रथम
प्रयागराज,257. Pratappur,15-सैदाबाद  द्वितीय
प्रयागराज,258. Handia,16-सैदाबाद  तृतीय
प्रयागराज,258. Handia,17-सैदाबाद  चतुर्थ
प्रयागराज,258. Handia,18-सैदाबाद पंचम
प्रयागराज,256. Phulpur,19-बहादुरपुर प्रथम
प्रयागराज,256. Phulpur,20-बहादुरपुर द्वितीय
प्रयागराज,256. Phulpur,21-बहादुरपुर तृतीय
प्रयागराज,256. Phulpur,22-बहादुरपुर  चतुर्थ
प्रयागराज,256. Phulpur,23-सहसों प्रथम
प्रयागराज,256. Phulpur,24-सहसों द्वितीय
प्रयागराज,255. Soraon,25-बहरिया  प्रथम
प्रयागराज,255. Soraon,26-बहरिया द्वितीय
प्रयागराज,255. Soraon,27-बहरिया  तृतीय
प्रयागराज,255. Soraon,28-बहरिया  चतुर्थ
प्रयागराज,256. Phulpur,29-फूलपुर प्रथम
प्रयागराज,256. Phulpur,30-फूलपुर द्वितीय
प्रयागराज,256. Phulpur,31-फूलपुर  तृतीय
प्रयागराज,256. Phulpur,32-फूलपुर  चतुर्थ
प्रयागराज,255. Soraon,33-सोरांव  प्रथम
प्रयागराज,255. Soraon,34-सोरांव द्वितीय
प्रयागराज,255. Soraon,35-सोरांव तृतीय
प्रयागराज,255. Soraon,36-मऊआइमा  प्रथम
प्रयागराज,255. Soraon,37-मऊआइमा द्वितीय
प्रयागराज,255. Soraon,38-मऊआइमा  तृतीय
प्रयागराज,255. Soraon,39-मऊआइमा  चतुर्थ
प्रयागराज,254. Phaphamau,40-होलागढ़  प्रथम
प्रयागराज,254. Phaphamau,41-होलागढ़ द्वितीय
प्रयागराज,254. Phaphamau,42-होलागढ़  तृतीय
प्रयागराज,254. Phaphamau,43-श्रृंगवेरपुर धाम प्रथम
प्रयागराज,254. Phaphamau,44-श्रृंगवेरपुर धाम द्वितीय
प्रयागराज,254. Phaphamau,45-श्रृंगवेरपुर धाम तृतीय
प्रयागराज,254. Phaphamau,46-कौड़िहार  प्रथम
प्रयागराज,254. Phaphamau,47-कौड़िहार  द्वितीय
प्रयागराज,261. Allahabad West,48-भगवतपुर प्रथम
प्रयागराज,261. Allahabad West,49-भगवतपुर द्वितीय
प्रयागराज,261. Allahabad West,50-भगवतपुर तृतीय
प्रयागराज,260. Karachhana,51-चाका  प्रथम
प्रयागराज,260. Karachhana,52-करछना प्रथम
प्रयागराज,260. Karachhana,53-करछना द्वितीय
प्रयागराज,260. Karachhana,54-करछना  तृतीय
प्रयागराज,260. Karachhana,55-करछना चतुर्थ
प्रयागराज,260. Karachhana,56-करछना पंचम
प्रयागराज,260. Karachhana,57-कौंधियारा  प्रथम
प्रयागराज,264. Bara,58-कौंधियारा द्वितीय
प्रयागराज,260. Karachhana,59-कौंधियारा  तृतीय
प्रयागराज,264. Bara,60-जसरा प्रथम
प्रयागराज,264. Bara,61-जसरा द्वितीय
प्रयागराज,264. Bara,62-जसरा तृतीय
प्रयागराज,264. Bara,63-जसरा  चतुर्थ
प्रयागराज,264. Bara,64-शंकरगढ़  प्रथम
प्रयागराज,264. Bara,65-शंकरगढ़  द्वितीय
प्रयागराज,264. Bara,66-शंकरगढ़  तृतीय
प्रयागराज,259. Meja,67-मेजा प्रथम
प्रयागराज,259. Meja,68-मेजा  द्वितीय
प्रयागराज,265. Koraon,69-मेजा  तृतीय
प्रयागराज,265. Koraon,70-मेजा चतुर्थ
प्रयागराज,259. Meja,71-उरूवा प्रथम
प्रयागराज,259. Meja,72-उरूवा  द्वितीय
प्रयागराज,259. Meja,73-उरूवा  तृतीय
प्रयागराज,259. Meja,74-उरूवा  चतुर्थ
प्रयागराज,259. Meja,75-माण्डा  प्रथम
प्रयागराज,259. Meja,76-माण्डा  द्वितीय
प्रयागराज,259. Meja,77-माण्डा  तृतीय
प्रयागराज,259. Meja,78-माण्डा  चतुर्थ
प्रयागराज,265. Koraon,79-कोरांव  प्रथम
प्रयागराज,265. Koraon,80-कोरांव द्वितीय
प्रयागराज,265. Koraon,81-कोरांव तृतीय
प्रयागराज,265. Koraon,82-कोरांव  चतुर्थ
प्रयागराज,265. Koraon,83-कोरांव  पंचम
प्रयागराज,265. Koraon,84-कोरांव षष्टम
फतेहपुर,242. Husainganj,1-बैंगाव
फतेहपुर,242. Husainganj,2-सिठौरा
फतेहपुर,242. Husainganj,3-संवत
फतेहपुर,242. Husainganj,4-रज्जीपुर छिवलहा
फतेहपुर,242. Husainganj,5-जमरांवा
फतेहपुर,240. Fatehpur,6-छेउका हुसैनगंज
फतेहपुर,240. Fatehpur,7-मकनपुर
फतेहपुर,242. Husainganj,8-अलादातपुर
फतेहपुर,239. Bindki,9-सनगांव
फतेहपुर,239. Bindki,10-कोराई
फतेहपुर,239. Bindki,11-असवारतारापुर
फतेहपुर,239. Bindki,12-जाफराबाद
फतेहपुर,239. Bindki,13-गुनीर
फतेहपुर,239. Bindki,14-मौहार
फतेहपुर,239. Bindki,15-अभयपुर
फतेहपुर,238. Jahanabad,16-देवमई
फतेहपुर,238. Jahanabad,17-सुजावलपुर
फतेहपुर,238. Jahanabad,18-अकबरपुर नसीरपुर
फतेहपुर,238. Jahanabad,19-अमौली
फतेहपुर,238. Jahanabad,20-चाँदपुर
फतेहपुर,239. Bindki,21-डिघरूवा
फतेहपुर,241. Ayah Shah,22-बागबादशाही
फतेहपुर,241. Ayah Shah,23-सिजौली
फतेहपुर,239. Bindki,24-मण्डरांव
फतेहपुर,241. Ayah Shah,25-महना
फतेहपुर,241. Ayah Shah,26-अयाह
फतेहपुर,241. Ayah Shah,27-शाह
फतेहपुर,241. Ayah Shah,28-ललौली
फतेहपुर,241. Ayah Shah,29-शाखा
फतेहपुर,241. Ayah Shah,30-ऐझी
फतेहपुर,241. Ayah Shah,31-असोथर
फतेहपुर,241. Ayah Shah,32-खेसहन
फतेहपुर,240. Fatehpur,33-रमवांपन्थुवा
फतेहपुर,240. Fatehpur,34-रामपुर थरियांव
फतेहपुर,240. Fatehpur,35-सातोधरमपुर
फतेहपुर,242. Husainganj,36-टेनी
फतेहपुर,243. Khaga,37-विजयीपुर
फतेहपुर,243. Khaga,38-रायपुर भसरौल
फतेहपुर,243. Khaga,39-गढ़ा
फतेहपुर,243. Khaga,40-धाता
फतेहपुर,239. Bindki,41-डेडासाई
फतेहपुर,243. Khaga,42-खैरई
फतेहपुर,243. Khaga,43-हरदो
फतेहपुर,243. Khaga,44-बुदवन
फतेहपुर,242. Husainganj,45-मोहम्मदपुर गौती
फतेहपुर,242. Husainganj,46-ऐरायां
फर्रुखाबाद,193. Amritpur,1-राजेपुर प्रथम
फर्रुखाबाद,193. Amritpur,2-राजेपुर द्वितीय
फर्रुखाबाद,193. Amritpur,3-राजेपुर तृतीय
फर्रुखाबाद,193. Amritpur,4-राजेपुर एवं शमसाबाद
फर्रुखाबाद,193. Amritpur,5-शमसाबाद प्रथम
फर्रुखाबाद,192. Kaimganj,6-शमसाबाद द्वितीय
फर्रुखाबाद,192. Kaimganj,7-शमसाबाद तृतीय
फर्रुखाबाद,192. Kaimganj,8-शमसाबाद चतुर्थ
फर्रुखाबाद,192. Kaimganj,9-कायमगंज प्रथम
फर्रुखाबाद,192. Kaimganj,10-कायमगंज द्वितीय
फर्रुखाबाद,192. Kaimganj,11-कायमगंज तृतीय
फर्रुखाबाद,192. Kaimganj,12-कायमगंज चतुर्थ
फर्रुखाबाद,192. Kaimganj,13-कायमगंज पंचम
फर्रुखाबाद,192. Kaimganj,14-नवाबगंज प्रथम
फर्रुखाबाद,192. Kaimganj,15-नवाबगंज द्वितीय
फर्रुखाबाद,193. Amritpur,16-नवाबगंज तृतीय
फर्रुखाबाद,193. Amritpur,17-मोहम्मदाबाद प्रथम
फर्रुखाबाद,193. Amritpur,18-मोहम्मदाबाद द्वितीय
फर्रुखाबाद,193. Amritpur,19-मोहम्मदाबाद तृतीय
फर्रुखाबाद,195. Bhojpur,20-मोहम्मदाबाद चतुर्थ
फर्रुखाबाद,195. Bhojpur,21-मोहम्मदाबाद पंचम
फर्रुखाबाद,195. Bhojpur,22-कमालगंज प्रथम
फर्रुखाबाद,195. Bhojpur,23-कमालगंज द्वितीय
फर्रुखाबाद,195. Bhojpur,24-कमालगंज तृतीय
फर्रुखाबाद,195. Bhojpur,25-कमालगंज चतुर्थ
फर्रुखाबाद,195. Bhojpur,26-कमालगंज पंचम
फर्रुखाबाद,195. Bhojpur,27-कमालगंज षष्ठम
फर्रुखाबाद,194. Farrukhabad,28-बढ़पुर प्रथम
फर्रुखाबाद,194. Farrukhabad,29-बढ़पुर द्वितीय
फर्रुखाबाद,194. Farrukhabad,30-बढ़पुर तृतीय
फिरोज़ाबाद,99. Sirsaganj,1-अरॉव प्रथम
फिरोज़ाबाद,99. Sirsaganj,2-अरॉव द्वितीय
फिरोज़ाबाद,99. Sirsaganj,3-अरॉव तृतीय
फिरोज़ाबाद,95. Tundla,4-जसराना प्रथम
फिरोज़ाबाद,95. Tundla,5-जसराना द्वितीय
फिरोज़ाबाद,95. Tundla,6-जसराना तृतीय
फिरोज़ाबाद,95. Tundla,7-एका प्रथम
फिरोज़ाबाद,96. Jasrana,8-एका द्वितीय
फिरोज़ाबाद,96. Jasrana,9-एका तृतीय
फिरोज़ाबाद,96. Jasrana,10-एका चतुर्थ
फिरोज़ाबाद,96. Jasrana,11-हाथवन्त प्रथम
फिरोज़ाबाद,96. Jasrana,12-हाथवन्त द्वितीय
फिरोज़ाबाद,96. Jasrana,13-हाथवन्त तृतीय
फिरोज़ाबाद,95. Tundla,14-नारखी प्रथम
फिरोज़ाबाद,95. Tundla,15-नारखी द्वितीय
फिरोज़ाबाद,95. Tundla,16-नारखी तृतीय
फिरोज़ाबाद,95. Tundla,17-नारखी चतुर्थ
फिरोज़ाबाद,95. Tundla,18-टूण्डला प्रथम
फिरोज़ाबाद,95. Tundla,19-टूण्डला द्वितीय
फिरोज़ाबाद,95. Tundla,20-टूण्डला तृृतीय
फिरोज़ाबाद,95. Tundla,21-टूण्डला चतुर्थ
फिरोज़ाबाद,98. Shikohabad,22-फिरोजाबाद प्रथम
फिरोज़ाबाद,98. Shikohabad,23-फिरोजाबाद द्वितीय
फिरोज़ाबाद,98. Shikohabad,24-फिरोजाबाद तृतीय
फिरोज़ाबाद,98. Shikohabad,25-फिरोजाबाद चतुर्थ
फिरोज़ाबाद,98. Shikohabad,26-शिकोहाबाद प्रथम
फिरोज़ाबाद,98. Shikohabad,27-शिकोहाबाद द्वितीय
फिरोज़ाबाद,98. Shikohabad,28-शिकोहाबाद तृतीय
फिरोज़ाबाद,98. Shikohabad,29-शिकोहाबाद चतुर्थ
फिरोज़ाबाद,98. Shikohabad,30-मदनपुर प्रथम
फिरोज़ाबाद,98. Shikohabad,31-मदनपुर द्वितीय
फिरोज़ाबाद,98. Shikohabad,32-मदनपुर तृतीय
फिरोज़ाबाद,98. Shikohabad,33-मदनपुर चतुर्थ
बदायूं,117. Dataganj,1-खुकड़ी
बदायूं,117. Dataganj,2-सिसैयां गुसांई
बदायूं,117. Dataganj,3-मैल्हापुर
बदायूं,115. Badaun,4-ब्यौर
बदायूं,115. Badaun,5-हुसैनपुर करौतिया
बदायूं,115. Badaun,6-बनेई
बदायूं,112. Bisauli,7-वनकोटा
बदायूं,112. Bisauli,8-वगरैन
बदायूं,115. Badaun,9-रहेडिया
बदायूं,112. Bisauli,10-मोहम्मदपुर मई
बदायूं,112. Bisauli,11-नसरौल
बदायूं,112. Bisauli,12-परौली
बदायूं,112. Bisauli,13-परसिया
बदायूं,112. Bisauli,14-लक्ष्मीपुर
बदायूं,112. Bisauli,15-सीकरी
बदायूं,112. Bisauli,16-आसफपुर
बदायूं,112. Bisauli,17-चन्दोई
बदायूं,113. Sahaswan,18-लश्करपुर ओईआ
बदायूं,113. Sahaswan,19-खण्डुआ
बदायूं,113. Sahaswan,20-नाधा
बदायूं,113. Sahaswan,21-रसूलपुर कलां
बदायूं,113. Sahaswan,22-मालपुर ततेरा
बदायूं,113. Sahaswan,23-भवानीपुर खल्ली
बदायूं,113. Sahaswan,24-उघैती गर्वी
बदायूं,113. Sahaswan,25-कौल्हिाई
बदायूं,113. Sahaswan,26-डकारा पुख्ता
बदायूं,114. Bilsi,27-अहमदनगर असौली
बदायूं,114. Bilsi,28-बेहटा गोसाईं
बदायूं,114. Bilsi,29-बांस वरौलिया
बदायूं,114. Bilsi,30-रिसौली
बदायूं,114. Bilsi,31-पुसगवां
बदायूं,114. Bilsi,32-अब्दुल्लागंज
बदायूं,114. Bilsi,33-रियोनाईया
बदायूं,116. Shekhupur,34-शेखूपुर
बदायूं,116. Shekhupur,35-सकरी जंगल
बदायूं,116. Shekhupur,36-रमजानपुर
बदायूं,116. Shekhupur,37-कादरचौक
बदायूं,116. Shekhupur,38-ककोड़ा
बदायूं,116. Shekhupur,39-बचीझझरउ
बदायूं,117. Dataganj,40-खेड़ाजलालपुर पुख्ता
बदायूं,117. Dataganj,41-रिजोला
बदायूं,117. Dataganj,42-चंगासी
बदायूं,116. Shekhupur,43-म्याऊँ
बदायूं,116. Shekhupur,44-बिलहरी
बदायूं,116. Shekhupur,45-जगत
बदायूं,116. Shekhupur,46-खेड़ा बुजुर्ग
बदायूं,115. Badaun,47-मोहम्मदनगर सुलरा
बदायूं,116. Shekhupur,48-गिधौल
बदायूं,117. Dataganj,49-जमालपुर
बदायूं,117. Dataganj,50-कलौरा
बदायूं,117. Dataganj,51-बसेला
बरेली,121. Nawabganj,1-भदपुरा प्रथम
बरेली,121. Nawabganj,2-भदपुरा द्वितीय
बरेली,121. Nawabganj,3-भदपुरा तृतीय
बरेली,121. Nawabganj,4-भदपुरा एवं नवाबगंज
बरेली,121. Nawabganj,5-नवाबगंज प्रथम
बरेली,121. Nawabganj,6-नवाबगंज द्वितीय
बरेली,121. Nawabganj,7-नवाबगंज तृतीय
बरेली,121. Nawabganj,8-नवाबगंज चतुर्थ
बरेली,120. Bhojipura,9-नवाबगंज एवं दमखोदा
बरेली,120. Bhojipura,10-दमखोदा प्रथम
बरेली,118. Baheri,11-दमखोदा द्वितीय
बरेली,120. Bhojipura,12-दमखोदा तृतीय
बरेली,118. Baheri,13-बहेड़ी प्रथम
बरेली,118. Baheri,14-बहेड़ी द्वितीय
बरेली,118. Baheri,15-बहेड़ी तृतीय
बरेली,118. Baheri,16-बहेड़ी चतुर्थ
बरेली,118. Baheri,17-बहेड़ी एवं शेरगढ़
बरेली,120. Bhojipura,18-शेरगढ़ प्रथम
बरेली,118. Baheri,19-शेरगढ़ द्वितीय
बरेली,119. Meerganj,20-शेरगढ़ तृतीय
बरेली,120. Bhojipura,21-शेरगढ़ चतुर्थ
बरेली,120. Bhojipura,22-भोजीपुरा प्रथम
बरेली,120. Bhojipura,23-भोजीपुरा द्वितीय
बरेली,120. Bhojipura,24-भोजीपुरा तृतीय
बरेली,120. Bhojipura,25-भोजीपुरा चतुर्थ
बरेली,119. Meerganj,26-फतेहगंज (प0) प्रथम
बरेली,119. Meerganj,27-फतेहगंज (प0) द्वितीय
बरेली,119. Meerganj,28-फतेहगंज (प0) तृतीय
बरेली,119. Meerganj,29-फतेहगंज(प0) एवं मीरगंज
बरेली,119. Meerganj,30-मीरगंज प्रथम
बरेली,119. Meerganj,31-मीरगंज द्वितीय
बरेली,119. Meerganj,32-मीरगंज एवं रामनगर
बरेली,126. Aonla,33-रामनगर प्रथम
बरेली,126. Aonla,34-रामनगर द्वितीय
बरेली,126. Aonla,35-रामनगर एवं मझगवां
बरेली,126. Aonla,36-मझगवांं प्रथम
बरेली,126. Aonla,37-मझगवां द्वितीय
बरेली,126. Aonla,38-मझगवां  तृतीय
बरेली,126. Aonla,39-मझगवां चतुर्थ
बरेली,123. Bithari Chainpur,40-मझगवां एवं आलमपुर जाफराबाद
बरेली,123. Bithari Chainpur,41-आलमपुर जाफराबाद प्रथम
बरेली,123. Bithari Chainpur,42-आलमपुर जाफराबाद द्वितीय
बरेली,123. Bithari Chainpur,43-आलमपुर जाफराबाद तृतीय
बरेली,123. Bithari Chainpur,44-आलमपुर जाफराबाद चतुर्थ
बरेली,123. Bithari Chainpur,45-क्यारा प्रथम
बरेली,123. Bithari Chainpur,46-क्यारा द्वितीय
बरेली,123. Bithari Chainpur,47-क्यारा तृतीय
बरेली,122. Faridpur,48-क्यारा  एवं फरीदपुर
बरेली,122. Faridpur,49-फरीदपुर प्रथम
बरेली,122. Faridpur,50-फरीदपुर द्वितीय
बरेली,122. Faridpur,51-फरीदपुर एवं भुता (प्रथम)
बरेली,122. Faridpur,52-फरीदपुर एवं भुता ( द्वितीय)
बरेली,122. Faridpur,53-भुता एवंं बिथरीचैनपुर (  प्रथम)
बरेली,122. Faridpur,54-भुता प्रथम
बरेली,122. Faridpur,55-भुता द्वितीय
बरेली,120. Bhojipura,56-बिथरी चैनपुर प्रथम
बरेली,120. Bhojipura,57-बिथरी चैनपुर द्वितीय
बरेली,123. Bithari Chainpur,58-बिथरी चैनपुर तृतीय
बरेली,123. Bithari Chainpur,59-बिथरी चैनपुर चतुर्थ
बरेली,123. Bithari Chainpur,60-भुता एवं बिथरी चैनपुर (द्वितीय)
बलरामपुर,292. Gainsari,1-इमिलियाकोड़र
बलरामपुर,292. Gainsari,2-रामनगर
बलरामपुर,292. Gainsari,3-भगवानपुरशिवपुर
बलरामपुर,292. Gainsari,4-लक्ष्मीनगर
बलरामपुर,292. Gainsari,5-रतनपुर
बलरामपुर,292. Gainsari,6-गैसड़ी
बलरामपुर,292. Gainsari,7-जरवाबनगाई
बलरामपुर,292. Gainsari,8-तुरकौलिया
बलरामपुर,292. Gainsari,9-गौराबगनहा
बलरामपुर,292. Gainsari,10-पिपरहवाविशुनपुर
बलरामपुर,291. Tulsipur,11-नवानगर
बलरामपुर,291. Tulsipur,12-शिवानगर
बलरामपुर,291. Tulsipur,13-मुड़िला
बलरामपुर,291. Tulsipur,14-महाराजगंज तराई
बलरामपुर,291. Tulsipur,15-मोतीपुर
बलरामपुर,291. Tulsipur,16-हर्रैयासतघरवा
बलरामपुर,291. Tulsipur,17-चौधरीडीह
बलरामपुर,291. Tulsipur,18-शिवपुरा
बलरामपुर,291. Tulsipur,19-ललिया
बलरामपुर,291. Tulsipur,20-मथुरा
बलरामपुर,294. Balrampur,21-कैलाशगढ़
बलरामपुर,294. Balrampur,22-बेलवासुल्तानजोत
बलरामपुर,294. Balrampur,23-गंगापुरबांकी
बलरामपुर,294. Balrampur,24-कोयलरा
बलरामपुर,294. Balrampur,25-खगईजोत
बलरामपुर,294. Balrampur,26-रामपुरबनघुसरा
बलरामपुर,294. Balrampur,27-पिपरीकोल्हुई
बलरामपुर,294. Balrampur,28-अगयाबुजुर्ग
बलरामपुर,294. Balrampur,29-पटियालाग्रन्ट
बलरामपुर,294. Balrampur,30-शाहपुरइटई
बलरामपुर,293. Utraula,31-महुआधनी
बलरामपुर,293. Utraula,32-उतरौलाग्रामीण
बलरामपुर,293. Utraula,33-मानापार बहेरिया
बलरामपुर,293. Utraula,34-टेढ़वातप्पाबांक
बलरामपुर,293. Utraula,35-गैण्डास बुजुर्ग
बलरामपुर,293. Utraula,36-इटईरामपुर
बलरामपुर,293. Utraula,37-बूधीपुर
बलरामपुर,293. Utraula,38-रेहराबाजार
बलरामपुर,293. Utraula,39-सरायखास
बलरामपुर,293. Utraula,40-सादुल्लानगर
बलिया,363. Bairia,1-मुरलीछपरा प्रथम
बलिया,363. Bairia,2-मुरलीछपरा द्वितीय
बलिया,363. Bairia,3-मुरलीछपरा तृतीय
बलिया,363. Bairia,4-बैरिया प्रथम
बलिया,363. Bairia,5-बैरिया द्वितीय
बलिया,363. Bairia,6-बैरिया  तृतीय
बलिया,363. Bairia,7-रेवती प्रथम
बलिया,362. Bansdih,8-रेवती द्वितीय
बलिया,362. Bansdih,9-रेवती  तृतीय
बलिया,362. Bansdih,10-बाँसडीह प्रथम
बलिया,362. Bansdih,11-बाँसडीह द्वितीय
बलिया,362. Bansdih,12-बाँसडीह तृतीय
बलिया,362. Bansdih,13-बेरूआरबारी प्रथम
बलिया,362. Bansdih,14-बेरूआरबारी द्वितीय
बलिया,362. Bansdih,15-मनियर प्रथम
बलिया,359. Sikandarpur,16-मनियर द्वितीय
बलिया,362. Bansdih,17-मनियर तृतीय
बलिया,359. Sikandarpur,18-पन्दह  प्रथम
बलिया,359. Sikandarpur,19-पन्दह  द्वितीय
बलिया,359. Sikandarpur,20-पन्दह तृतीय
बलिया,359. Sikandarpur,21-नवानगर प्रथम
बलिया,359. Sikandarpur,22-नवानगर द्वितीय
बलिया,359. Sikandarpur,23-नवानगर तृतीय
बलिया,357. Belthara Road,24-सीयर प्रथम
बलिया,357. Belthara Road,25-सीयर द्वितीय
बलिया,357. Belthara Road,26-सीयर  तृतीय
बलिया,357. Belthara Road,27-सीयर चतुर्थ
बलिया,357. Belthara Road,28-सीयर पंचम
बलिया,358. Rasara,29-नगरा प्रथम
बलिया,358. Rasara,30-नगरा  द्वितीय
बलिया,358. Rasara,31-नगरा तृतीय
बलिया,358. Rasara,32-नगरा चतुर्थ
बलिया,358. Rasara,33-नगरा पंचम
बलिया,358. Rasara,34-रसड़ा प्रथम
बलिया,358. Rasara,35-रसड़ा द्वितीय
बलिया,358. Rasara,36-रसड़ा तृतीय
बलिया,358. Rasara,37-रसड़ा चतुर्थ
बलिया,358. Rasara,38-चिलकहर प्रथम
बलिया,358. Rasara,39-चिलकहर  द्वितीय
बलिया,358. Rasara,40-चिलकहर  तृतीय
बलिया,358. Rasara,41-चिलकहर चतुर्थ
बलिया,360. Phephana,42-सोहाँव प्रथम
बलिया,360. Phephana,43-सोहाँव  द्वितीय
बलिया,360. Phephana,44-सोहाँव तृतीय
बलिया,360. Phephana,45-गड़वार प्रथम
बलिया,360. Phephana,46-गड़वार द्वितीय
बलिया,360. Phephana,47-गड़वार तृतीय
बलिया,360. Phephana,48-हनुमानगंज प्रथम
बलिया,361. Ballia Nagar,49-हनुमानगंज द्वितीय
बलिया,361. Ballia Nagar,50-हनुमानगंज तृतीय
बलिया,361. Ballia Nagar,51-हनुमानगंज चतुर्थ
बलिया,361. Ballia Nagar,52-दुबहड़ प्रथम
बलिया,361. Ballia Nagar,53-दुबहड़ द्वितीय
बलिया,361. Ballia Nagar,54-दुबहड़  तृतीय
बलिया,361. Ballia Nagar,55-दुबहड़़ चतुर्थ
बलिया,363. Bairia,56-बेलहरी प्रथम
बलिया,363. Bairia,57-बेलहरी द्वितीय
बलिया,363. Bairia,58-बेलहरी तृतीय
बस्ती,309. Rudhauli,1-रूधौली प्रथम
बस्ती,309. Rudhauli,2-रूधौली द्वितीय
बस्ती,309. Rudhauli,3-रूधौली तृतीय
बस्ती,309. Rudhauli,4-रामनगर प्रथम
बस्ती,309. Rudhauli,5-रामनगर द्वितीय
बस्ती,309. Rudhauli,6-रामनगर तृतीय
बस्ती,308. Kaptanganj,7-सल्टौवा गोपालपुर प्रथम
बस्ती,308. Kaptanganj,8-सल्टौवा गोपालपुर द्वितीय
बस्ती,308. Kaptanganj,9-सल्टौवा गोपालपुर तृतीय
बस्ती,308. Kaptanganj,10-सल्टौवा गोपालपुर चतुर्थ
बस्ती,308. Kaptanganj,11-गौर प्रथम
बस्ती,308. Kaptanganj,12-गौर द्वितीय
बस्ती,308. Kaptanganj,13-गौर तृतीय
बस्ती,308. Kaptanganj,14-गौर चतुर्थ
बस्ती,307. Harraiya,15-परसरामपुर प्रथम
बस्ती,307. Harraiya,16-परसरामपुर द्वितीय
बस्ती,307. Harraiya,17-परसरामपुर तृतीय
बस्ती,307. Harraiya,18-परसरामपुर चतुर्थ
बस्ती,307. Harraiya,19-विक्रमजोत प्रथम
बस्ती,307. Harraiya,20-विक्रमजोत द्वितीय
बस्ती,307. Harraiya,21-विक्रमजोत तृतीय
बस्ती,307. Harraiya,22-हरैंया प्रथम
बस्ती,307. Harraiya,23-हरैेया द्वितीय
बस्ती,307. Harraiya,24-हरैंया तृतीय
बस्ती,307. Harraiya,25-दुबौलिया प्रथम
बस्ती,307. Harraiya,26-दुबौलिया द्वितीय
बस्ती,308. Kaptanganj,27-कप्तानगंज प्रथम
बस्ती,308. Kaptanganj,28-कप्तानगंज द्वितीय
बस्ती,311. Mahadewa,29-बहादुरपुर प्रथम
बस्ती,311. Mahadewa,30-बहादुरपुर द्वितीय
बस्ती,311. Mahadewa,31-बहादुरपुर तृतीय
बस्ती,311. Mahadewa,32-कुदरहा प्रथम
बस्ती,311. Mahadewa,33-कुदरहा द्वितीय
बस्ती,311. Mahadewa,34-कुदरहा तृतीय
बस्ती,311. Mahadewa,35-बनकटी प्रथम
बस्ती,311. Mahadewa,36-बनकटी द्वितीय
बस्ती,310. Basti Sadar,37-बस्ती सदर प्रथम
बस्ती,310. Basti Sadar,38-बस्ती सदर द्वितीय
बस्ती,310. Basti Sadar,39-बस्ती सदर तृतीय
बस्ती,310. Basti Sadar,40-बस्ती सदर चतुर्थ
बस्ती,310. Basti Sadar,41-साऊघाट प्रथम
बस्ती,310. Basti Sadar,42-साऊघाट द्वितीय
बस्ती,310. Basti Sadar,43-साऊघाट तृतीय
बहराइच,284. Matera,1-नवाबगंज प्रथम
बहराइच,284. Matera,2-नवाबगंज द्वितीय
बहराइच,283. Nanpara,3-नवाबगंज तृतीय
बहराइच,283. Nanpara,4-नवाबगंज चतुर्थ
बहराइच,282. Balha,5-मिहींपुरवा  प्रथम
बहराइच,282. Balha,6- मिहींपुरवा द्वितीय
बहराइच,282. Balha,7-मिहींपुरवा तृतीय
बहराइच,282. Balha,8-मिहींपुरवा चतुर्थ
बहराइच,282. Balha,9-मिहींपुरवा पंचम
बहराइच,282. Balha,10-मिहींपुरवा षष्ठ
बहराइच,282. Balha,11-मिहींपुरवा सप्तम
बहराइच,282. Balha,12-बलहा प्रथम
बहराइच,282. Balha,13-बलहा द्वितीय
बहराइच,283. Nanpara,14-बलहा  तृतीय
बहराइच,283. Nanpara,15-बलहा  चतुर्थ
बहराइच,283. Nanpara,16-बलहा पंचम
बहराइच,284. Matera,17- रिसिया प्रथम
बहराइच,284. Matera,18-रिसिया द्वितीय
बहराइच,284. Matera,19-रिसिया तृतीय
बहराइच,284. Matera,20-रिसिया चतुर्थ
बहराइच,285. Mahasi,21-शिवपुर प्रथम
बहराइच,285. Mahasi,22-शिवपुर द्वितीय
बहराइच,285. Mahasi,23-शिवपुर तृतीय
बहराइच,285. Mahasi,24-शिवपुर चतुर्थ
बहराइच,285. Mahasi,25-शिवपुर पंचम
बहराइच,285. Mahasi,26-महसी प्रथम
बहराइच,285. Mahasi,27-महसी द्वितीय
बहराइच,285. Mahasi,28-महसी तृतीय
बहराइच,285. Mahasi,29-महसी चतुर्थ
बहराइच,288. Kaiserganj,30-तेजवापुर प्रथम
बहराइच,288. Kaiserganj,31-तेजवापुर द्वितीय
बहराइच,288. Kaiserganj,32-तेजवापुर तृतीय
बहराइच,288. Kaiserganj,33-तेजवापुर चतुर्थ
बहराइच,288. Kaiserganj,34-तेजवापुर पंचम
बहराइच,286. Bahraich,35-चित्तौरा प्रथम
बहराइच,286. Bahraich,36-चित्तौरा द्वितीय
बहराइच,286. Bahraich,37-चित्तौरा तृतीय
बहराइच,286. Bahraich,38- चित्तौरा चतुर्थ
बहराइच,286. Bahraich,39-चित्तौरा पंचम
बहराइच,287. Payagpur,40-पयागपुर प्रथम
बहराइच,287. Payagpur,41-पयागपुर द्वितीय
बहराइच,287. Payagpur,42-पयागपुर तृतीय
बहराइच,287. Payagpur,43-पयागपुर चतुर्थ
बहराइच,287. Payagpur,44-विशेश्वरगंज प्रथम
बहराइच,287. Payagpur,45-विशेश्वरगंज द्वितीय
बहराइच,287. Payagpur,46-विशेश्वरगंज तृतीय
बहराइच,287. Payagpur,47-विशेश्वरगंज चतुर्थ
बहराइच,287. Payagpur,48-हुजूरपुर प्रथम
बहराइच,287. Payagpur,49-हुजूरपुर द्वितीय
बहराइच,287. Payagpur,50-हुजूरपुर तृतीय
बहराइच,288. Kaiserganj,51-फखरपुर प्रथम
बहराइच,288. Kaiserganj,52-फखरपुर द्वितीय
बहराइच,288. Kaiserganj,53-फखरपुर  तृतीय
बहराइच,288. Kaiserganj,54-फखरपुर चतुर्थ
बहराइच,288. Kaiserganj,55-फखरपुर पंचम
बहराइच,288. Kaiserganj,56-कैसरगंज प्रथम
बहराइच,288. Kaiserganj,57-कैसरगंज द्वितीय
बहराइच,288. Kaiserganj,58-कैसरगंज तृतीय
बहराइच,288. Kaiserganj,59-कैसरगंज चतुर्थ
बहराइच,288. Kaiserganj,60-जरवल प्रथम
बहराइच,288. Kaiserganj,61-जरवल द्वितीय
बहराइच,288. Kaiserganj,62-जरवल तृतीय
बहराइच,288. Kaiserganj,63-जरवल चतुर्थ
बांदा,233. Baberu,1-कमासिन प्रथम
बांदा,233. Baberu,2-कमासिन द्वितीय
बांदा,233. Baberu,3-कमासिन तृतीय
बांदा,233. Baberu,4-बबेरू प्रथम
बांदा,233. Baberu,5-बबेरू द्वितीय
बांदा,233. Baberu,6-बबेरू तृतीय
बांदा,233. Baberu,7-बबेरू चतुर्थ
बांदा,232. Tindwari,8-बबेरू पंचम
बांदा,232. Tindwari,9-तिन्दवारी प्रथम
बांदा,232. Tindwari,10-तिन्दवारी द्वितीय
बांदा,233. Baberu,11-तिन्दवारी तृतीय
बांदा,232. Tindwari,12-जसपुरा प्रथम
बांदा,232. Tindwari,13-जसपुरा द्वितीय
बांदा,232. Tindwari,14-बडोखर खुर्द प्रथम
बांदा,235. Banda,15-बडोखर खुर्द द्वितीय
बांदा,232. Tindwari,16-बडोखर खुर्द तृतीय
बांदा,232. Tindwari,17-बडोखर खुर्द चतुर्थ
बांदा,235. Banda,18-महुआ प्रथम
बांदा,235. Banda,19-महुआ द्वितीय
बांदा,235. Banda,20-महुआ तृतीय
बांदा,235. Banda,21-महुआ चतुर्थ
बांदा,234. Naraini,22-नरैनी प्रथम
बांदा,234. Naraini,23-नरैनी द्वितीय
बांदा,234. Naraini,24-नरैनी तृतीय
बांदा,234. Naraini,25-नरैनी चतुर्थ
बांदा,234. Naraini,26-नरैनी पंचम
बांदा,234. Naraini,27-बिसण्डा प्रथम
बांदा,235. Banda,28-बिसण्डा द्वितीय
बांदा,233. Baberu,29-बिसण्डा तृतीय
बांदा,235. Banda,30-बिसण्डा चतुर्थ
बागपत,50. Chhaprauli,1-बिनौली प्रथम
बागपत,50. Chhaprauli,2-बिनौली द्वितीय
बागपत,50. Chhaprauli,3-बिनौली तृतीय
बागपत,50. Chhaprauli,4-बिनौली चतुर्थ
बागपत,50. Chhaprauli,5-छपरौली प्रथम
बागपत,50. Chhaprauli,6-छपरौली द्वितीय
बागपत,50. Chhaprauli,7-छपरौली तृतीय
बागपत,51. Baraut,8-बडौत प्रथम
बागपत,51. Baraut,9-बडौत द्वितीय
बागपत,51. Baraut,10-बडौत तृतीय
बागपत,51. Baraut,11-बडौत व बागपत प्रथम
बागपत,52. Baghpat,12-बडौत व बागपत द्वितीय
बागपत,52. Baghpat,13-बागपत प्रथम
बागपत,52. Baghpat,14-बागपत द्वितीय
बागपत,52. Baghpat,15-बागपत व खेकडा
बागपत,52. Baghpat,16-पिलाना व बागपत
बागपत,52. Baghpat,17-पिलाना प्रथम
बागपत,52. Baghpat,18-पिलाना व बागपत एवं खेकडा
बागपत,52. Baghpat,19-पिलाना द्वितीय
बागपत,52. Baghpat,20-खेकडा प्रथम
बाराबंकी,270. Dariyabad,1-पूरेडलई प्रथम
बाराबंकी,270. Dariyabad,2-पूरेडलई द्वितीय
बाराबंकी,270. Dariyabad,3-पूरेडलई तृतीय
बाराबंकी,270. Dariyabad,4-दरियाबाद प्रथम
बाराबंकी,270. Dariyabad,5-दरियाबाद  द्वितीय
बाराबंकी,270. Dariyabad,6-दरियाबाद  तृतीय
बाराबंकी,267. Ramnagar,7-सिरौलीगौसपुर  प्रथम
बाराबंकी,267. Ramnagar,8-सिरौलीगौसपुर  द्वितीय
बाराबंकी,267. Ramnagar,9-सिरौलीगौसपुर  तृतीय
बाराबंकी,267. Ramnagar,10-सिरौलीगौसपुर चतुर्थ
बाराबंकी,267. Ramnagar,11-रामनगर  प्रथम
बाराबंकी,267. Ramnagar,12-रामनगर द्वितीय
बाराबंकी,267. Ramnagar,13-रामनगर तृतीय
बाराबंकी,267. Ramnagar,14-सूरतगंज  प्रथम
बाराबंकी,267. Ramnagar,15-सूरतगंज द्वितीय
बाराबंकी,267. Ramnagar,16-सूरतगंज तृतीय
बाराबंकी,267. Ramnagar,17-सूरतगंज  चतुर्थ
बाराबंकी,266. Kursi,18-फतेहपुर  प्रथम
बाराबंकी,266. Kursi,19-फतेहपुर द्वितीय
बाराबंकी,266. Kursi,20-फतेहपुर  तृतीय
बाराबंकी,266. Kursi,21- निन्दूरा प्रथम
बाराबंकी,266. Kursi,22-निन्दूरा  द्वितीय
बाराबंकी,266. Kursi,23-निन्दूरा तृतीय
बाराबंकी,266. Kursi,24-निन्दूरा   चतुर्थ
बाराबंकी,266. Kursi,25-फतेहपुर चतुर्थ
बाराबंकी,266. Kursi,26-फतेहपुर पंचम
बाराबंकी,268. Barabanki,27-देवॉ  प्रथम
बाराबंकी,266. Kursi,28-निन्दूरा  पंचम
बाराबंकी,268. Barabanki,29-देवॉ  द्वितीय
बाराबंकी,268. Barabanki,30-देवॉ  तृतीय
बाराबंकी,268. Barabanki,31-देवॉ चतुर्थ
बाराबंकी,269. Zaidpur,32-मसौली  प्रथम
बाराबंकी,269. Zaidpur,33-मसौली द्वितीय
बाराबंकी,268. Barabanki,34-बंकी  तृतीय
बाराबंकी,268. Barabanki,35-बंकी प्रथम
बाराबंकी,268. Barabanki,36-बंकी  द्वितीय
बाराबंकी,269. Zaidpur,37-हरख  द्वितीय
बाराबंकी,269. Zaidpur,38-हरख प्रथम
बाराबंकी,269. Zaidpur,39-मसौली  चतुर्थ
बाराबंकी,269. Zaidpur,40-मसौली तृतीय
बाराबंकी,269. Zaidpur,41-सिद्धौर प्रथम
बाराबंकी,269. Zaidpur,42-हरख तृतीय
बाराबंकी,272. Haidergarh,43-सिद्धौर  द्वितीय
बाराबंकी,272. Haidergarh,44-सिद्धौर  तृतीय
बाराबंकी,272. Haidergarh,45-सिद्धौर चतुर्थ
बाराबंकी,272. Haidergarh,46-सिद्धौर  पंचम
बाराबंकी,272. Haidergarh,47-त्रिवेदीगंज  प्रथम
बाराबंकी,272. Haidergarh,48-त्रिवेदीगंज  द्वितीय
बाराबंकी,272. Haidergarh,49-त्रिवेदीगंज तृतीय
बाराबंकी,272. Haidergarh,50-हैदरगढ  प्रथम
बाराबंकी,272. Haidergarh,51-हैदरगढ  द्वितीय
बाराबंकी,272. Haidergarh,52-हैदरगढ तृतीय
बाराबंकी,272. Haidergarh,53-हैदरगढ  चतुर्थ
बाराबंकी,270. Dariyabad,54-बनीकोडर प्रथम
बाराबंकी,270. Dariyabad,55-बनीकोडर  द्वितीय
बाराबंकी,270. Dariyabad,56-बनीकोडर  तृतीय
बाराबंकी,270. Dariyabad,57-बनीकोडर  चतुर्थ
बिजनौर,19. Barhapur,1-कोतवाली प्रथम
बिजनौर,19. Barhapur,2-कोतवाली द्वितीय
बिजनौर,18. Nagina,3-कोतवाली तृतीय
बिजनौर,18. Nagina,4-कोतवाली चतुर्थ
बिजनौर,18. Nagina,5-कोतवाली पंचम
बिजनौर,18. Nagina,6-कोतवाली षष्टम
बिजनौर,19. Barhapur,7-कोतवाली सप्तम
बिजनौर,17. Najibabad,8-नजीबाबाद प्रथम
बिजनौर,17. Najibabad,9-नजीबाबाद द्वितीय
बिजनौर,17. Najibabad,10-नजीबाबाद तृतीय
बिजनौर,17. Najibabad,11-नजीबाबाद चतुर्थ
बिजनौर,17. Najibabad,12-नजीबाबाद पंचम
बिजनौर,17. Najibabad,13-नजीबाबाद षष्टम
बिजनौर,17. Najibabad,14-नजीबाबाद सप्तम
बिजनौर,18. Nagina,15-किरतपुर प्रथम
बिजनौर,17. Najibabad,16-किरतपुर द्वितीय
बिजनौर,18. Nagina,17-किरतपुर तृतीय
बिजनौर,17. Najibabad,18-किरतपुर चतुर्थ
बिजनौर,21. Nehtaur,19-मौ0पुर देवमल प्रथम
बिजनौर,21. Nehtaur,20-मौ0पुर देवमल द्वितीय
बिजनौर,21. Nehtaur,21-मौ0पुर देवमल तृतीय
बिजनौर,21. Nehtaur,22-मौ0पुर देवमल चतुर्थ
बिजनौर,21. Nehtaur,23-मौ0पुर देवमल पंचम
बिजनौर,21. Nehtaur,24-हल्दौर प्रथम
बिजनौर,21. Nehtaur,25-हल्दौर द्वितीय
बिजनौर,22. Bijnor,26-हल्दौर तृतीय
बिजनौर,21. Nehtaur,27-हल्दौर चतुर्थ
बिजनौर,21. Nehtaur,28-जलीलपुर प्रथम
बिजनौर,23. Chandpur,29-जलीलपुर द्वितीय
बिजनौर,23. Chandpur,30-जलीलपुर तृतीय
बिजनौर,23. Chandpur,31-जलीलपुर चतुर्थ
बिजनौर,23. Chandpur,32-जलीलपुर पंचम
बिजनौर,24. Noorpur,33-नूरपुर प्रथम
बिजनौर,24. Noorpur,34-नूरपुर द्वितीय
बिजनौर,23. Chandpur,35-नूरपुर तृतीय
बिजनौर,23. Chandpur,36-नूरपुर चतुर्थ
बिजनौर,24. Noorpur,37-नूरपुर पंचम
बिजनौर,24. Noorpur,38-नूरपुर षष्टम
बिजनौर,21. Nehtaur,39-नहटौर प्रथम
बिजनौर,24. Noorpur,40-नहटौर द्वितीय
बिजनौर,21. Nehtaur,41-नहटौर तृतीय
बिजनौर,21. Nehtaur,42-नहटौर चतुर्थ
बिजनौर,20. Dhampur,43-धामपुर प्रथम
बिजनौर,20. Dhampur,44-धामपुर द्वितीय
बिजनौर,20. Dhampur,45-धामपुर तृतीय
बिजनौर,20. Dhampur,46-धामपुर चतुर्थ
बिजनौर,20. Dhampur,47-धामपुर पंचम
बिजनौर,20. Dhampur,48-स्योहारा प्रथम
बिजनौर,24. Noorpur,49-स्योहारा द्वितीय
बिजनौर,24. Noorpur,50-स्योहारा तृतीय
बिजनौर,24. Noorpur,51-स्योहारा चतुर्थ
बिजनौर,19. Barhapur,52-अफजलगढ़ प्रथम
बिजनौर,19. Barhapur,53-अफजलगढ़ द्वितीय
बिजनौर,19. Barhapur,54-अफजलगढ़ तृतीय
बिजनौर,21. Nehtaur,55-अफजलगढ़ चतुर्थ
बिजनौर,19. Barhapur,56-अफजलगढ़ पंचम
बुलंदशहर,66. Siana,1-ऊँचागाँव प्रथम
बुलंदशहर,66. Siana,2-ऊँचागाँव द्वितीय
बुलंदशहर,66. Siana,3-ऊँचागाँव तृतीय
बुलंदशहर,66. Siana,4-स्यान प्रथम
बुलंदशहर,66. Siana,5-स्यान द्वितीय
बुलंदशहर,66. Siana,6-बी0बी0नगर प्रथम
बुलंदशहर,66. Siana,7-बी0बी0नगर द्वितीय
बुलंदशहर,65. Bulandshahr,8-अगौता
बुलंदशहर,65. Bulandshahr,9-अगौता/बुलन्दशहर
बुलंदशहर,66. Siana,10-अगौता/लखावटी/स्याना
बुलंदशहर,65. Bulandshahr,11-गुलावठी/बी0बी0 नगर
बुलंदशहर,64. Sikandrabad,12-गुलावठी
बुलंदशहर,65. Bulandshahr,13-लखावटी/अगौता
बुलंदशहर,65. Bulandshahr,14-लखावटी/जहाँगीराबाद
बुलंदशहर,65. Bulandshahr,15-बुलन्दशहर प्रथम
बुलंदशहर,65. Bulandshahr,16-बुलन्दशहर द्वितीय
बुलंदशहर,65. Bulandshahr,17-बुलन्दशहर तृतीय
बुलंदशहर,64. Sikandrabad,18-बुलन्दशहर/लखावटी
बुलंदशहर,64. Sikandrabad,19-सिकन्द्राबाद प्रथम
बुलंदशहर,64. Sikandrabad,20-सिकन्द्राबाद द्वितीय
बुलंदशहर,64. Sikandrabad,21-सिकन्द्राबाद तृतीय
बुलंदशहर,65. Bulandshahr,22-सिकन्द्राबाद/बुलन्दशहर
बुलंदशहर,65. Bulandshahr,23-सिकन्द्राबाद/बुलन्दशहर
बुलंदशहर,70. Khurja,24-खुर्जा प्रथम
बुलंदशहर,70. Khurja,25-खुर्जा द्वितीय
बुलंदशहर,70. Khurja,26-खुर्जा तृतीय
बुलंदशहर,70. Khurja,27-खुर्जा चतुर्थ
बुलंदशहर,70. Khurja,28-खुर्जा पंचम
बुलंदशहर,70. Khurja,29-अरनियाँ प्रथम
बुलंदशहर,70. Khurja,30-अरनियाँ द्वितीय
बुलंदशहर,70. Khurja,31-अरनियाँ तृतीय
बुलंदशहर,69. Shikarpur,32-पहासू प्रथम
बुलंदशहर,69. Shikarpur,33-पहासू द्वितीय
बुलंदशहर,69. Shikarpur,34-पहासू/दानपुर प्रथम
बुलंदशहर,69. Shikarpur,35-दानपुर/पहासू द्वितीय
बुलंदशहर,68. Debai,36-दानपुर प्रथम
बुलंदशहर,69. Shikarpur,37-शिकारपुर प्रथम
बुलंदशहर,69. Shikarpur,38-शिकारपुर द्वितीय
बुलंदशहर,69. Shikarpur,39-शिकारपुर तृतीय
बुलंदशहर,69. Shikarpur,40-दानपुर/शिकारपुर
बुलंदशहर,68. Debai,41-दानपुर द्वितीय
बुलंदशहर,68. Debai,42-दानपुर/डिबाई
बुलंदशहर,68. Debai,43-डिबाई प्रथम
बुलंदशहर,68. Debai,44-डिबाई द्वितीय
बुलंदशहर,68. Debai,45-डिबाई तृतीय
बुलंदशहर,67. Anupshahr,46-डिबाई/अनूपशहर
बुलंदशहर,67. Anupshahr,47-अनूपशहर प्रथम
बुलंदशहर,67. Anupshahr,48-अनूपशहर द्वितीय
बुलंदशहर,67. Anupshahr,49-अनूपशहर तृतीय
बुलंदशहर,67. Anupshahr,50-जहाँगीराबाद प्रथम
बुलंदशहर,67. Anupshahr,51-जहाँगीराबाद/लखावटी
बुलंदशहर,67. Anupshahr,52-जहाँगीराबाद द्वितीय
भदोही,392. Bhadohi,1-भदोही प्रथम
भदोही,392. Bhadohi,2-भदोही द्वितीय
भदोही,392. Bhadohi,3-भदोही तृतीय
भदोही,392. Bhadohi,4-भदोही चतुर्थ
भदोही,392. Bhadohi,5-भदोही पंचम
भदोही,392. Bhadohi,6-सुरियावां  प्रथम
भदोही,392. Bhadohi,7-सुरियावां द्वितीय
भदोही,392. Bhadohi,8-सुरियावां तृतीय
भदोही,392. Bhadohi,9-अभोली प्रथम
भदोही,394. Aurai,10-अभोली द्वितीय
भदोही,393. Gyanpur,11-अभोली व ज्ञानपुर
भदोही,393. Gyanpur,12-ज्ञानपुर प्रथम
भदोही,393. Gyanpur,13-ज्ञानपुर द्वितीय
भदोही,393. Gyanpur,14-ज्ञानपुर तृतीय
भदोही,393. Gyanpur,15-ज्ञानपुर चतुर्थ
भदोही,393. Gyanpur,16-डीघ प्रथम
भदोही,393. Gyanpur,17-डीघ  द्वितीय
भदोही,393. Gyanpur,18-डीघ  तृतीय
भदोही,393. Gyanpur,19-डीघ  चतुर्थ
भदोही,393. Gyanpur,20-डीघ  पंचम
भदोही,394. Aurai,21-औराई  प्रथम
भदोही,394. Aurai,22-औराई  द्वितीय
भदोही,394. Aurai,23-औराई तृतीय
भदोही,394. Aurai,24-औराई  चतुर्थ
भदोही,394. Aurai,25-औराई  पंचम
भदोही,394. Aurai,26-औराई  षष्ठम
मऊ,353. Madhuban,1-दुबारी
मऊ,353. Madhuban,2-धर्मपुर विशुनपुर
मऊ,353. Madhuban,3-केशवपुर सुल्तानीपुर
मऊ,353. Madhuban,4-मर्यादपुर
मऊ,354. Ghosi,5-सिपाह
मऊ,354. Ghosi,6-मझवारा
मऊ,354. Ghosi,7-अरियासो
मऊ,356. Mau,8-विलौझा
मऊ,356. Mau,9-रतनपुरा
मऊ,356. Mau,10-हलधरपुर
मऊ,356. Mau,11-पहसा
मऊ,354. Ghosi,12-शहरोज़
मऊ,354. Ghosi,13-इन्दारा
मऊ,355. Muhammadabad Gohna,14-कोईरियापार
मऊ,354. Ghosi,15-धवरियासाथ
मऊ,353. Madhuban,16-दरगाह
मऊ,355. Muhammadabad Gohna,17-रसूलपुर
मऊ,353. Madhuban,18-गोंठा
मऊ,353. Madhuban,19-सियरही बर्जला
मऊ,353. Madhuban,20-गोधना
मऊ,354. Ghosi,21-अमीला
मऊ,354. Ghosi,22-बोझी
मऊ,354. Ghosi,23-नदवासराय
मऊ,355. Muhammadabad Gohna,24-मड़हा पट्टी
मऊ,355. Muhammadabad Gohna,25-खैराबाद
मऊ,355. Muhammadabad Gohna,26-सुरहुरपुर
मऊ,355. Muhammadabad Gohna,27-करहा
मऊ,355. Muhammadabad Gohna,28-खुरहट
मऊ,355. Muhammadabad Gohna,29-रानीपुर
मऊ,346. Mubarakpur,30-सुल्तानीपुर
मऊ,355. Muhammadabad Gohna,31-सरसेना
मऊ,346. Mubarakpur,32-खानपुर
मऊ,354. Ghosi,33-रेकवारेडीह
मऊ,356. Mau,34-परदहां
मथुरा,82. Mant,1-मांट प्रथम
मथुरा,82. Mant,2-मांट द्वितीय
मथुरा,82. Mant,3-मांट तृतीय
मथुरा,82. Mant,4-नौहझील प्रथम
मथुरा,82. Mant,5-नौहझील द्वितीय
मथुरा,82. Mant,6-नौहझील तृतीय
मथुरा,82. Mant,7-नौहझील चतुर्थ
मथुरा,81. Chhata,8-छाता प्रथम
मथुरा,82. Mant,9-छाता द्वितीय
मथुरा,81. Chhata,10-छाता तृतीय
मथुरा,82. Mant,11-छाता चतुर्थ
मथुरा,83. Govardhan,12-नन्दगांव प्रथम
मथुरा,83. Govardhan,13-नन्दगांव द्वितीय
मथुरा,81. Chhata,14-चैमुहां प्रथम
मथुरा,81. Chhata,15-चैमुहां द्वितीय
मथुरा,81. Chhata,16-चैमुहां तृतीय
मथुरा,83. Govardhan,17-गोवर्धन प्रथम
मथुरा,83. Govardhan,18-गोवर्धन द्वितीय
मथुरा,83. Govardhan,19-गोवर्धन तृतीय
मथुरा,83. Govardhan,20-गोवर्धन चतुर्थ
मथुरा,85. Baldev,21-फरह प्रथम
मथुरा,85. Baldev,22-फरह द्वितीय
मथुरा,85. Baldev,23-फरह तृतीय
मथुरा,84. Mathura,24-मथुरा प्रथम
मथुरा,84. Mathura,25-मथुरा द्वितीय
मथुरा,84. Mathura,26-मथुरा तृतीय
मथुरा,85. Baldev,27-बल्देव प्रथम
मथुरा,85. Baldev,28-बल्देव द्वितीय
मथुरा,85. Baldev,29-बल्देव तृतीय
मथुरा,85. Baldev,30-बल्देव चतुर्थ
मथुरा,82. Mant,31-राया प्रथम
मथुरा,85. Baldev,32-राया द्वितीय
मथुरा,85. Baldev,33-राया तृतीय
महराजगंज,317. Siswa,1-निचलौल प्रथम
महराजगंज,317. Siswa,2-निचलौल द्वितीय
महराजगंज,317. Siswa,3-निचलौल तृतीय
महराजगंज,317. Siswa,4-निचलौल चतुर्थ
महराजगंज,317. Siswa,5-निचलौल पंचम
महराजगंज,317. Siswa,6-मिठौरा प्रथम
महराजगंज,317. Siswa,7-मिठौरा द्वितीय
महराजगंज,317. Siswa,8-मिठौरा तृतीय
महराजगंज,317. Siswa,9-मिठौरा  चतुर्थ
महराजगंज,317. Siswa,10-मिठौरा पंचम
महराजगंज,316. Nautanwa,11-नौतनवा  प्रथम
महराजगंज,316. Nautanwa,12-नौतनवा द्वितीय
महराजगंज,316. Nautanwa,13-नौतनवा तृतीय
महराजगंज,316. Nautanwa,14-नौतनवा  चतुर्थ
महराजगंज,316. Nautanwa,15-नौतनवा  पंचम
महराजगंज,316. Nautanwa,16-लक्ष्मीपुर  प्रथम
महराजगंज,316. Nautanwa,17-लक्ष्मीपुर  द्वितीय
महराजगंज,316. Nautanwa,18-लक्ष्मीपुर  तृतीय
महराजगंज,316. Nautanwa,19-लक्ष्मीपुर चतुर्थ
महराजगंज,315. Pharenda,20-बृजमनगंज  प्रथम
महराजगंज,315. Pharenda,21-बृजमनगंज द्वितीय
महराजगंज,315. Pharenda,22-बृजमनगंज  तृतीय
महराजगंज,315. Pharenda,23-बृजमनगंज चतुर्थ
महराजगंज,315. Pharenda,24-धानी
महराजगंज,315. Pharenda,25-फरेन्दा प्रथम
महराजगंज,315. Pharenda,26-फरेन्दा द्वितीय
महराजगंज,315. Pharenda,27-फरेन्दा  तृतीय
महराजगंज,315. Pharenda,28-फरेन्दा  चतुर्थ
महराजगंज,318. Maharajganj,29-सदर  प्रथम
महराजगंज,318. Maharajganj,30-सदर द्वितीय
महराजगंज,318. Maharajganj,31-सदर तृतीय
महराजगंज,318. Maharajganj,32-सदर  चतुर्थ
महराजगंज,319. Paniyara,33-पनियरा प्रथम
महराजगंज,319. Paniyara,34-पनियरा  द्वितीय
महराजगंज,319. Paniyara,35-पनियरा  तृतीय
महराजगंज,319. Paniyara,36-पनियरा चतुर्थ
महराजगंज,319. Paniyara,37-परतावल प्रथम
महराजगंज,319. Paniyara,38-परतावल द्वितीय
महराजगंज,319. Paniyara,39-परतावल  तृतीय
महराजगंज,319. Paniyara,40-परतावल  चतुर्थ
महराजगंज,317. Siswa,41-घुघली प्रथम
महराजगंज,317. Siswa,42-घुघली  द्वितीय
महराजगंज,317. Siswa,43-घुघली तृतीय
महराजगंज,317. Siswa,44-घुघली  चतुर्थ
महराजगंज,317. Siswa,45-सिसवा प्रथम
महराजगंज,317. Siswa,46-सिसवा द्वितीय
महराजगंज,317. Siswa,47-सिसवा तृतीय
महोबा,230. Mahoba,1-खन्ना
महोबा,230. Mahoba,2-ग्योड़ी
महोबा,230. Mahoba,3-रिवई
महोबा,231. Charkhari,4-गौरहारी
महोबा,231. Charkhari,5-पनवाड़ी
महोबा,231. Charkhari,6-बेंदो
महोबा,231. Charkhari,7-रूरीकलां
महोबा,231. Charkhari,8-जैतपुर
महोबा,231. Charkhari,9-अजनर
महोबा,230. Mahoba,10-मुढ़ारी
महोबा,231. Charkhari,11-सूपा
महोबा,230. Mahoba,12-श्रीनगर
महोबा,230. Mahoba,13-सिजहरी
महोबा,230. Mahoba,14-पसवारा
मिर्जापुर,398. Chunar,1 - सीखड़ प्रथम
मिर्जापुर,398. Chunar,2 - सीखड़ द्वितीय
मिर्जापुर,397. Majhawan,3 - मझवां प्रथम
मिर्जापुर,397. Majhawan,4 - मझवां द्वितीय
मिर्जापुर,397. Majhawan,5 - मझवां तृतीय
मिर्जापुर,396. Mirzapur,6 - कोन प्रथम
मिर्जापुर,396. Mirzapur,7 - कोन द्वितीय
मिर्जापुर,396. Mirzapur,8 - कोन तृतीय
मिर्जापुर,396. Mirzapur,9 - छानबें प्रथम
मिर्जापुर,396. Mirzapur,10 - छानबें द्वितीय
मिर्जापुर,396. Mirzapur,11 - छानबें तृतीय
मिर्जापुर,395. Chhanbey,12 - छानबें चतुर्थ
मिर्जापुर,395. Chhanbey,13 - छानबें पंचम
मिर्जापुर,395. Chhanbey,14 - लालगंज प्रथम
मिर्जापुर,395. Chhanbey,15 - लालगंज द्वितीय
मिर्जापुर,395. Chhanbey,16 - लालगंज तृतीय
मिर्जापुर,395. Chhanbey,17 - हलिया प्रथम
मिर्जापुर,395. Chhanbey,18 - हलिया द्वितीय
मिर्जापुर,395. Chhanbey,19 - हलिया तृतीय
मिर्जापुर,395. Chhanbey,20 - हलिया चतुर्थ
मिर्जापुर,399. Marihan,21 - पटेहराकलां प्रथम
मिर्जापुर,399. Marihan,22 - पटेहराकलां द्वितीय
मिर्जापुर,399. Marihan,23 - पटेहराकलां तृतीय
मिर्जापुर,399. Marihan,24 - राजगढ़ प्रथम
मिर्जापुर,399. Marihan,25 - राजगढ़ द्वितीय
मिर्जापुर,399. Marihan,26 - राजगढ़ तृतीय
मिर्जापुर,399. Marihan,27 - राजगढ़ चतुर्थ
मिर्जापुर,398. Chunar,28 - जमालपुर प्रथम
मिर्जापुर,398. Chunar,29 - जमालपुर द्वितीय
मिर्जापुर,398. Chunar,30 - जमालपुर तृतीय
मिर्जापुर,398. Chunar,31 - जमालपुर चतुर्थ
मिर्जापुर,398. Chunar,32 - जमालपुर पंचम
मिर्जापुर,398. Chunar,33 - नरायनपुर प्रथम
मिर्जापुर,398. Chunar,34 - नरायनपुर द्वितीय
मिर्जापुर,398. Chunar,35 - नरायनपुर तृतीय
मिर्जापुर,398. Chunar,36 - नरायनपुर चतुर्थ
मिर्जापुर,397. Majhawan,37 - पहाड़ी प्रथम
मिर्जापुर,397. Majhawan,38 - पहाड़ी द्वितीय
मिर्जापुर,397. Majhawan,39 - पहाड़ी तृतीय
मिर्जापुर,397. Majhawan,40 - सीटी प्रथम
मिर्जापुर,397. Majhawan,41 - सीटी द्वितीय
मिर्जापुर,396. Mirzapur,42 - सीटी तृतीय
मिर्जापुर,396. Mirzapur,43 - सीटी चतुर्थ
मिर्जापुर,396. Mirzapur,44 - सीटी पंचम
मुजफ्फर नगर,13. Purqazi,1 - पुरकाजी प्रथम
मुजफ्फर नगर,13. Purqazi,2 - पुरकाजी द्वितीय
मुजफ्फर नगर,13. Purqazi,3 - पुरकाजी तृतीय
मुजफ्फर नगर,14. Muzaffarnagar Sadar,4 - सदर प्रथम
मुजफ्फर नगर,14. Muzaffarnagar Sadar,5 - सदर द्वितीय
मुजफ्फर नगर,14. Muzaffarnagar Sadar,6 - सदर तृतीय
मुजफ्फर नगर,14. Muzaffarnagar Sadar,7 - सदर चतुर्थ
मुजफ्फर नगर,14. Muzaffarnagar Sadar,8 - सदर पंचम
मुजफ्फर नगर,14. Muzaffarnagar Sadar,9 - सदर षष्टम
मुजफ्फर नगर,14. Muzaffarnagar Sadar,10 - सदर सप्तम
मुजफ्फर नगर,12. Charthawal,11 - चरथावल प्रथम
मुजफ्फर नगर,12. Charthawal,12 - चरथावल द्वितीय
मुजफ्फर नगर,12. Charthawal,13 - चरथावल तृतीय
मुजफ्फर नगर,12. Charthawal,14 - चरथावल चतुर्थ
मुजफ्फर नगर,12. Charthawal,15 - चरथावल एवं बघरा
मुजफ्फर नगर,12. Charthawal,16 - बघरा प्रथम
मुजफ्फर नगर,12. Charthawal,17 - बघरा द्वितीय
मुजफ्फर नगर,12. Charthawal,18 - बघरा तृतीय
मुजफ्फर नगर,12. Charthawal,19 - बघरा चतुर्थ
मुजफ्फर नगर,11. Budhana,20 - बुढ़ाना एवं शाहपुर
मुजफ्फर नगर,11. Budhana,21 - बुढ़ाना प्रथम
मुजफ्फर नगर,11. Budhana,22 - बुढ़ाना द्वितीय
मुजफ्फर नगर,11. Budhana,23 - बुढ़ाना तृतीय
मुजफ्फर नगर,11. Budhana,24 - बुढ़ाना चतुर्थ
मुजफ्फर नगर,11. Budhana,25 - बुढ़ाना पंचम
मुजफ्फर नगर,11. Budhana,26 - शाहपुर प्रथम
मुजफ्फर नगर,11. Budhana,27 - शाहपुर द्वितीय
मुजफ्फर नगर,11. Budhana,28 - शाहपुर तृतीय
मुजफ्फर नगर,15. Khatauli,29 - खतौली प्रथम
मुजफ्फर नगर,15. Khatauli,30 - खतौली द्वितीय
मुजफ्फर नगर,15. Khatauli,31 - खतौली तृतीय
मुजफ्फर नगर,15. Khatauli,32 - खतौली चतुर्थ
मुजफ्फर नगर,15. Khatauli,33 - खतौली पंचम
मुजफ्फर नगर,15. Khatauli,34 - खतौली एवं जानसठ़
मुजफ्फर नगर,15. Khatauli,35 - जानसठ़ प्रथम
मुजफ्फर नगर,15. Khatauli,36 - जानसठ़ द्वितीय
मुजफ्फर नगर,15. Khatauli,37 - जानसठ़ तृतीय
मुजफ्फर नगर,15. Khatauli,38 - जानसठ़ चतुर्थ
मुजफ्फर नगर,16. Meerapur,39 - मोरना प्रथम
मुजफ्फर नगर,16. Meerapur,40 - मोरना द्वितीय
मुजफ्फर नगर,14. Muzaffarnagar Sadar,41 - सदर एवं मोरना
मुजफ्फर नगर,16. Meerapur,42 - मोरना तृतीय
मुजफ्फर नगर,16. Meerapur,43 - मोरना चतुर्थ
मुरादाबाद,26. Thakurdwara,1-ठाकुरद्वारा प्रथम
मुरादाबाद,26. Thakurdwara,2-ठाकुरद्वारा द्वितीय
मुरादाबाद,26. Thakurdwara,3-ठाकुरद्वारा तृतीय
मुरादाबाद,26. Thakurdwara,4-ठाकुरद्वारा चतुर्थ
मुरादाबाद,26. Thakurdwara,5-डिलारी प्रथम
मुरादाबाद,26. Thakurdwara,6-डिलारी द्वितीय
मुरादाबाद,26. Thakurdwara,7-डिलारी तृतीय
मुरादाबाद,26. Thakurdwara,8-डिलारी चतुर्थ
मुरादाबाद,26. Thakurdwara,9-डिलारी पंचम
मुरादाबाद,25. Kanth,10-छजलैट प्रथम
मुरादाबाद,25. Kanth,11-छजलैट द्वितीय
मुरादाबाद,25. Kanth,12-छजलैट तृतीय
मुरादाबाद,25. Kanth,13-छजलैट चतुर्थ
मुरादाबाद,25. Kanth,14-मुरादाबाद आंशिक एवं छजलैट
मुरादाबाद,28. Moradabad Nagar,15-मुरादाबाद प्रथम
मुरादाबाद,28. Moradabad Nagar,16-मुरादाबाद द्वितीय
मुरादाबाद,28. Moradabad Nagar,17-मुरादाबाद तृतीय
मुरादाबाद,29. Kundarki,18-कुन्दरकी प्रथम
मुरादाबाद,29. Kundarki,19-कुन्दरकी द्वितीय
मुरादाबाद,29. Kundarki,20-कुन्दरकी तृतीय
मुरादाबाद,29. Kundarki,21-कुन्दरकी चतुर्थ
मुरादाबाद,29. Kundarki,22-कुन्दरकी पंचम
मुरादाबाद,29. Kundarki,23-कुन्दरकी षष्टम
मुरादाबाद,30. Bilari,24-कुन्दरकी एवं बिलारी
मुरादाबाद,30. Bilari,25-बिलारी प्रथम
मुरादाबाद,30. Bilari,26-बिलारी द्वितीय
मुरादाबाद,30. Bilari,27-बिलारी तृतीय
मुरादाबाद,30. Bilari,28-बिलारी चतुर्थ
मुरादाबाद,30. Bilari,29-बिलारी पंचम
मुरादाबाद,29. Kundarki,30-मूढ़ापाण्डे प्रथम
मुरादाबाद,29. Kundarki,31-मूढ़ापाण्डे द्वितीय
मुरादाबाद,29. Kundarki,32-मूढ़ापाण्डे तृतीय
मुरादाबाद,29. Kundarki,33-मूढ़ापाण्डे चतुर्थ
मुरादाबाद,29. Kundarki,34-मूढ़ापाण्डे पंचम
मुरादाबाद,27. Moradabad Rural,35-मुरादाबाद एवं भगतपुर टांडा आंशिक
मुरादाबाद,27. Moradabad Rural,36-भगतपुर टांडा प्रथम
मुरादाबाद,27. Moradabad Rural,37-भगतपुर टांडा द्वितीय
मुरादाबाद,27. Moradabad Rural,38-भगतपुर टांडा तृतीय
मुरादाबाद,27. Moradabad Rural,39-भगतपुर टांडा चतुर्थ
मेरठ,45. Hastinapur,1-हस्तिनापुर प्रथम
मेरठ,45. Hastinapur,2-हस्तिनापुर द्वितीय
मेरठ,45. Hastinapur,3-मवाना प्रथम
मेरठ,45. Hastinapur,4-मवाना  द्वितीय
मेरठ,45. Hastinapur,5-मवाना  तृतीय
मेरठ,44. Sardhana,6-दौराला  प्रथम
मेरठ,44. Sardhana,7-दौराला द्वितीय
मेरठ,44. Sardhana,8-दौराला  तृतीया
मेरठ,44. Sardhana,9-सरधना  प्रथम
मेरठ,44. Sardhana,10-सरधना  द्वितीय
मेरठ,44. Sardhana,11-सरधना तृतीय
मेरठ,43. Siwalkhas,12-सरूरपुरखुर्द प्रथम
मेरठ,43. Siwalkhas,13-सरूरपुरखुर्द द्वितीय
मेरठ,43. Siwalkhas,14-रोहटा  प्रथम
मेरठ,43. Siwalkhas,15-रोहटा  द्वितीय
मेरठ,43. Siwalkhas,16-जानीखुर्द प्रथम
मेरठ,43. Siwalkhas,17-जानीखुर्द  द्वितीय
मेरठ,43. Siwalkhas,18-जानीखुर्द तृतीय
मेरठ,49. Meerut South,19-मेरठ 1
मेरठ,49. Meerut South,20-मेरठ 2
मेरठ,46. Kithore,21-खरखौदा  प्रथम
मेरठ,46. Kithore,22-खरखौदा द्वितीय
मेरठ,46. Kithore,23-रजपुरा 1
मेरठ,46. Kithore,24-रजपुरा 2
मेरठ,46. Kithore,25-रजपुरा 3
मेरठ,46. Kithore,26-रजपुरा 4
मेरठ,46. Kithore,27-माछरा 1
मेरठ,46. Kithore,28-माछरा 2
मेरठ,46. Kithore,29-माछरा 3
मेरठ,45. Hastinapur,30-परीक्षितगढ़ 1
मेरठ,45. Hastinapur,31-परीक्षितगढ़  2
मेरठ,45. Hastinapur,32-परीक्षितगढ़ 3
मेरठ,45. Hastinapur,33-परीक्षितगढ़ 4
मैनपुरी,109. Kishni,1-किशनी प्रथम
मैनपुरी,109. Kishni,2-किशनी द्वितीय
मैनपुरी,109. Kishni,3-किशनी तृतीय
मैनपुरी,109. Kishni,4-किशनी चतुर्थ
मैनपुरी,108. Bhongaon,5-बेवर प्रथम
मैनपुरी,108. Bhongaon,6-बेवर द्वितीय
मैनपुरी,108. Bhongaon,7-बेवर तृतीय
मैनपुरी,108. Bhongaon,8-बेवर चतुर्थ
मैनपुरी,108. Bhongaon,9-सुल्तानगंज प्रथम
मैनपुरी,108. Bhongaon,10-सुल्तानगंज द्वितीय
मैनपुरी,108. Bhongaon,11-सुल्तानगंज तृतीय
मैनपुरी,108. Bhongaon,12-सुल्तानगंज चतुर्थ
मैनपुरी,107. Mainpuri,13-कुरावली प्रथम
मैनपुरी,107. Mainpuri,14-कुरावली द्वितीय
मैनपुरी,107. Mainpuri,15-कुरावली तृतीय
मैनपुरी,110. Karhal,16-घिरोर प्रथम
मैनपुरी,110. Karhal,17-घिरोर द्वितीय
मैनपुरी,110. Karhal,18-घिरोर तृतीय
मैनपुरी,110. Karhal,19-घिरोर चतुर्थ
मैनपुरी,110. Karhal,20-बरनाहल प्रथम
मैनपुरी,110. Karhal,21-बरनाहल द्वितीय
मैनपुरी,110. Karhal,22-बरनाहल तृतीय
मैनपुरी,110. Karhal,23-करहल प्रथम
मैनपुरी,109. Kishni,24-करहल द्वितीय
मैनपुरी,109. Kishni,25-करहल तृतीय
मैनपुरी,109. Kishni,26-जागीर प्रथम
मैनपुरी,109. Kishni,27-जागीर द्वितीय
मैनपुरी,107. Mainpuri,28-मैनपुरी प्रथम
मैनपुरी,107. Mainpuri,29-मैनपुरी द्वितीय
मैनपुरी,107. Mainpuri,30-मैनपुरी तृतीय
रामपुर,36. Bilaspur,1-बिलासपुर प्रथम
रामपुर,36. Bilaspur,2-बिलासपुर एवं स्वार
रामपुर,36. Bilaspur,3-बिलासपुर द्वितीय
रामपुर,36. Bilaspur,4-बिलासपुर तृतीय
रामपुर,36. Bilaspur,5-बिलासपुर चतुर्थ
रामपुर,34. Suar,6-स्वार -प्रथम
रामपुर,34. Suar,7-स्वार-द्वितीय
रामपुर,34. Suar,8-स्वार-तृतीय
रामपुर,34. Suar,9-स्वार-चतुर्थ
रामपुर,34. Suar,10-स्वार-पंचम
रामपुर,34. Suar,11-स्वार-षष्ठम
रामपुर,34. Suar,12-स्वार-सप्तम
रामपुर,34. Suar,13-स्वार एवं सैदनगर
रामपुर,37. Rampur,14-सैदनगर प्रथम
रामपुर,37. Rampur,15-सैदनगर द्वितीय
रामपुर,37. Rampur,16-सैदनगर तृतीय
रामपुर,37. Rampur,17-सैदनगर चतुर्थ
रामपुर,35. Chamraua,18-चमरौआ-प्रथम
रामपुर,35. Chamraua,19-चमरौआ-द्वितीय
रामपुर,35. Chamraua,20-चमरौआ-तृतीय
रामपुर,35. Chamraua,21-चमरौआ-चतुर्थ
रामपुर,35. Chamraua,22-चमरौआ एवं शाहबाद संयुक्त
रामपुर,38. Milak,23- शाहबाद प्रथम
रामपुर,38. Milak,24- शाहबाद द्वितीय
रामपुर,38. Milak,25- शाहबाद-तृतीय
रामपुर,38. Milak,26- शाहबाद-चतुर्थ
रामपुर,38. Milak,27- शाहबाद-पंचम
रामपुर,38. Milak,28- शाहबाद षष्ठम
रामपुर,38. Milak,29-मिलक-प्रथम
रामपुर,38. Milak,30-मिलक-द्वितीय
रामपुर,38. Milak,31-मिलक-तृतीय
रामपुर,38. Milak,32-मिलक-चतुर्थ
रामपुर,38. Milak,33-मिलक-पंचम
रामपुर,38. Milak,34-मिलक-षष्ठम
रायबरेली,177. Bachrawan,1-अमावां प्रथम
रायबरेली,180. Rae Bareli,2-अमांवा द्वितीय
रायबरेली,180. Rae Bareli,3-अमावां तृतीय
रायबरेली,177. Bachrawan,4-महराजगंज प्रथम
रायबरेली,177. Bachrawan,5-महाराजगंज द्वितीय
रायबरेली,177. Bachrawan,6-शिवगढ़ प्रथम
रायबरेली,177. Bachrawan,7-शिवगढ़ द्वितीय
रायबरेली,177. Bachrawan,8-शिवगढ़ तृतीय
रायबरेली,177. Bachrawan,9-बछरांवा प्रथम
रायबरेली,177. Bachrawan,10-बछरावां द्वितीय
रायबरेली,177. Bachrawan,11-बछरावां तृतीय
रायबरेली,179. Harchandpur,12-हरचन्दपुर प्रथम
रायबरेली,179. Harchandpur,13-हरचन्दपुर द्वितीय
रायबरेली,179. Harchandpur,14-हरचन्दपुर तृतीय
रायबरेली,179. Harchandpur,15-सतांव प्रथम
रायबरेली,179. Harchandpur,16-सतांव द्वितीय
रायबरेली,179. Harchandpur,17-सतांव तृतीय
रायबरेली,179. Harchandpur,18-खीरो प्रथम
रायबरेली,179. Harchandpur,19-खीरो द्वितीय
रायबरेली,179. Harchandpur,20-खीरो तृतीय
रायबरेली,182. Sareni,21-सरेनी प्रथम
रायबरेली,182. Sareni,22-सरेनी द्वितीय
रायबरेली,182. Sareni,23-सरेनी तृतीय
रायबरेली,182. Sareni,24-सरेनी चतुर्थ
रायबरेली,182. Sareni,25-लालगंज प्रथम
रायबरेली,182. Sareni,26-लालगंज द्वितीय
रायबरेली,182. Sareni,27-लालगंज तृतीय
रायबरेली,182. Sareni,28-डलमऊ प्रथम
रायबरेली,182. Sareni,29-डलमऊ द्वितीय
रायबरेली,182. Sareni,30-डलमऊ तृतीय
रायबरेली,182. Sareni,31-डलमऊ चतुर्थ
रायबरेली,183. Unchahar,32-दीनशाहगौरा प्रथम
रायबरेली,183. Unchahar,33-दीनशाहगौरा द्वितीय
रायबरेली,183. Unchahar,34-जगतपुर
रायबरेली,183. Unchahar,35-ऊचांहार प्रथम
रायबरेली,183. Unchahar,36-ऊंचाहार द्वितीय
रायबरेली,183. Unchahar,37-ऊचांहार तृतीय
रायबरेली,183. Unchahar,38-रोहनिया प्रथम
रायबरेली,183. Unchahar,39-रोहनिया द्वितीय
रायबरेली,181. Salon,40-सलोन प्रथम
रायबरेली,181. Salon,41-सलोन द्वितीय
रायबरेली,181. Salon,42-सलोन तृतीय
रायबरेली,181. Salon,43-सलोन चतुर्थ
रायबरेली,181. Salon,44-छतोह प्रथम
रायबरेली,181. Salon,45-छतोह द्वितीय
रायबरेली,181. Salon,46-डीह प्रथम
रायबरेली,181. Salon,47-डीह द्वितीय
रायबरेली,181. Salon,48-डीह तृतीय
रायबरेली,180. Rae Bareli,49-राही प्रथम
रायबरेली,180. Rae Bareli,50-राही द्वितीय
रायबरेली,180. Rae Bareli,51-राही तृतीय
रायबरेली,180. Rae Bareli,52-राही चतुर्थ
लखनऊ,169. Bakshi Ka Talab,1-चिनहट
लखनऊ,169. Bakshi Ka Talab,2-बी0के0टी0 प्रथम
लखनऊ,169. Bakshi Ka Talab,3-बी0के0टी0 द्वितीय
लखनऊ,169. Bakshi Ka Talab,4-बी0के0टी0 तृतीय
लखनऊ,169. Bakshi Ka Talab,5-बी0के0टी0 चतुर्थ
लखनऊ,168. Malihabad,6-माल प्रथम
लखनऊ,168. Malihabad,7-माल द्वितीय
लखनऊ,168. Malihabad,8-माल तृतीय
लखनऊ,168. Malihabad,9-माल चतुर्थ
लखनऊ,168. Malihabad,10-मलिहाबाद प्रथम
लखनऊ,168. Malihabad,11-मलिहाबाद द्वितीय
लखनऊ,168. Malihabad,12-मलिहाबाद तृतीय
लखनऊ,168. Malihabad,13-काकोरी प्रथम
लखनऊ,168. Malihabad,14-काकोरी द्वितीय
लखनऊ,170. Sarojini Nagar,15-सरोजनीनगर प्रथम
लखनऊ,170. Sarojini Nagar,16-सरोजनीनगर द्वितीय
लखनऊ,170. Sarojini Nagar,17-सरोजनीनगर तृतीय
लखनऊ,176. Mohanlalganj,18-मोहनलालगंज प्रथम
लखनऊ,176. Mohanlalganj,19-मोहनलालगंज द्वितीय
लखनऊ,176. Mohanlalganj,20-मोहनलालगंज तृतीय
लखनऊ,176. Mohanlalganj,21-मोहनलालगंज चतुर्थ
लखनऊ,169. Bakshi Ka Talab,22-गोसाईगंज प्रथम
लखनऊ,169. Bakshi Ka Talab,23-गोसाईगंज द्वितीय
लखनऊ,169. Bakshi Ka Talab,24-गोसाईगंज तृतीय
लखनऊ,169. Bakshi Ka Talab,25-गोसाईगंज चतुर्थ
लखीमपुर खीरी,138. Nighasan,1-निघासन-प्रथम
लखीमपुर खीरी,138. Nighasan,2-निघासन-द्वितीय
लखीमपुर खीरी,138. Nighasan,3-निघासन-तृतीय
लखीमपुर खीरी,138. Nighasan,4-निघासन.चतुर्थ
लखीमपुर खीरी,138. Nighasan,5-निघासन.पंचम
लखीमपुर खीरी,138. Nighasan,6-निघासन-षष्ठम
लखीमपुर खीरी,137. Paliya,7-पलिया-प्रथम
लखीमपुर खीरी,137. Paliya,8-पलिया-द्वितीय
लखीमपुर खीरी,137. Paliya,9-पलिया-तृतीय
लखीमपुर खीरी,137. Paliya,10-पलिया-चतुर्थ
लखीमपुर खीरी,137. Paliya,11-पलिया-पंचम
लखीमपुर खीरी,139. Gola Gokrannath,12-बिजुआ-प्रथम
लखीमपुर खीरी,137. Paliya,13-बिजुआ - द्वितीय
लखीमपुर खीरी,137. Paliya,14-बिजुआ - तृतीय
लखीमपुर खीरी,139. Gola Gokrannath,15-बिजुआ - चतुर्थ
लखीमपुर खीरी,139. Gola Gokrannath,16-बिजुआ - पंचम
लखीमपुर खीरी,140. Sri Nagar,17-फूलबेहड़ - प्रथम
लखीमपुर खीरी,140. Sri Nagar,18-फूलबेहड़ - द्वितीय
लखीमपुर खीरी,140. Sri Nagar,19-फूलबेहड़ - तृतीय
लखीमपुर खीरी,140. Sri Nagar,20-फूलबेहड़ - चतुर्थ
लखीमपुर खीरी,137. Paliya,21-बांकेगंज-प्रथम
लखीमपुर खीरी,137. Paliya,22-बांकेगंज-द्वितीय
लखीमपुर खीरी,137. Paliya,23-बांकेगंज-तृतीय
लखीमपुर खीरी,139. Gola Gokrannath,24-बांकेगंज-चतुर्थ
लखीमपुर खीरी,139. Gola Gokrannath,25-बांकेगंज-पंचम
लखीमपुर खीरी,139. Gola Gokrannath,26-कुम्भी(गोला)-प्रथम
लखीमपुर खीरी,139. Gola Gokrannath,27-कुम्भी(गोला)-द्वितीय
लखीमपुर खीरी,139. Gola Gokrannath,28-कुम्भी(गोला)-तृतीय
लखीमपुर खीरी,139. Gola Gokrannath,29-कुम्भी(गोला)-चतुर्थ
लखीमपुर खीरी,139. Gola Gokrannath,30-कुम्भी(गोला)-पंचम
लखीमपुर खीरी,144. Mohammadi,31-मोहम्मदी-प्रथम
लखीमपुर खीरी,144. Mohammadi,32-मोहम्मदी-द्वितीय
लखीमपुर खीरी,144. Mohammadi,33-मोहम्मदी-तृतीय
लखीमपुर खीरी,144. Mohammadi,34-मोहम्मदी-चतुर्थ
लखीमपुर खीरी,144. Mohammadi,35-पसगवां-प्रथम
लखीमपुर खीरी,144. Mohammadi,36-पसगवां-द्वितीय
लखीमपुर खीरी,144. Mohammadi,37-पसगवां-तृतीय
लखीमपुर खीरी,144. Mohammadi,38-पसगवां-चतुर्थ
लखीमपुर खीरी,144. Mohammadi,39-पसगवां-पंचम
लखीमपुर खीरी,144. Mohammadi,40-पसगवां-षष्टम
लखीमपुर खीरी,143. Kasta,41-मितौली-प्रथम
लखीमपुर खीरी,143. Kasta,42-मितौली-द्वितीय
लखीमपुर खीरी,143. Kasta,43-मितौली-तृतीय
लखीमपुर खीरी,143. Kasta,44-मितौली-चतुर्थ
लखीमपुर खीरी,143. Kasta,45-मितौली-पंचम
लखीमपुर खीरी,140. Sri Nagar,46-बेहजम-प्रथम
लखीमपुर खीरी,140. Sri Nagar,47-बेहजम-द्वितीय
लखीमपुर खीरी,143. Kasta,48-बेहजम-तृतीय
लखीमपुर खीरी,143. Kasta,49-बेहजम-चतुर्थ
लखीमपुर खीरी,142. Lakhimpur,50-लखीमपुर-प्रथम
लखीमपुर खीरी,142. Lakhimpur,51-लखीमपुर-द्वितीय
लखीमपुर खीरी,142. Lakhimpur,52-लखीमपुर-तृतीय
लखीमपुर खीरी,142. Lakhimpur,53-लखीमपुर-चतुर्थ
लखीमपुर खीरी,142. Lakhimpur,54-लखीमपुर-पंचम
लखीमपुर खीरी,142. Lakhimpur,55-लखीमपुर-षष्टम
लखीमपुर खीरी,142. Lakhimpur,56-नकहा-प्रथम
लखीमपुर खीरी,142. Lakhimpur,57-नकहा-द्वितीय
लखीमपुर खीरी,142. Lakhimpur,58-नकहा-तृतीय
लखीमपुर खीरी,142. Lakhimpur,59-नकहा-चतुर्थ
लखीमपुर खीरी,141. Dhaurahra,60-ईसानगर-प्रथम
लखीमपुर खीरी,141. Dhaurahra,61-ईसानगर-द्वितीय
लखीमपुर खीरी,141. Dhaurahra,62-ईसानगर-तृतीय
लखीमपुर खीरी,141. Dhaurahra,63-ईसानगर-चतुर्थ
लखीमपुर खीरी,141. Dhaurahra,64-ईसानगर-पंचम
लखीमपुर खीरी,141. Dhaurahra,65-धौरहरा-प्रथम
लखीमपुर खीरी,141. Dhaurahra,66-धौरहरा-द्वितीय
लखीमपुर खीरी,141. Dhaurahra,67-धौरहरा-तृतीय
लखीमपुर खीरी,138. Nighasan,68-रमियाबेहड़-प्रथम
लखीमपुर खीरी,138. Nighasan,69-रमियाबेहड़-द्वितीय
लखीमपुर खीरी,141. Dhaurahra,70-रमियाबेहड़-तृतीय
लखीमपुर खीरी,141. Dhaurahra,71-रमियाबेहड़-चतुर्थ
लखीमपुर खीरी,141. Dhaurahra,72-रमियाबेहड़-पंचम
ललितपुर,226. Lalitpur,1-पूराकला
ललितपुर,226. Lalitpur,2-खादी
ललितपुर,226. Lalitpur,3-थाना
ललितपुर,226. Lalitpur,4-जखौरा
ललितपुर,226. Lalitpur,5-थनवारा
ललितपुर,226. Lalitpur,6-बांसी
ललितपुर,226. Lalitpur,7-बुढ़वार
ललितपुर,226. Lalitpur,8-जाखलौन
ललितपुर,226. Lalitpur,9-विरधा
ललितपुर,227. Mehroni,10-खितबांश
ललितपुर,227. Mehroni,11-बालाबेहट
ललितपुर,227. Mehroni,12-नाराहट
ललितपुर,227. Mehroni,13-सौरई
ललितपुर,227. Mehroni,14-मडावारा
ललितपुर,227. Mehroni,15-सैदपुर
ललितपुर,227. Mehroni,16-गुढा
ललितपुर,227. Mehroni,17-सिलावन
ललितपुर,227. Mehroni,18-बानपुर
ललितपुर,227. Mehroni,19-कैलगुवा
ललितपुर,227. Mehroni,20-बार
ललितपुर,227. Mehroni,21-पारौन
वाराणसी,385. Ajgara,1-चोलापुर प्रथम
वाराणसी,385. Ajgara,2-चोलापुर द्वितीय
वाराणसी,385. Ajgara,3-चोलापुर तृतीया
वाराणसी,385. Ajgara,4-चोलापुर चतुर्थ
वाराणसी,385. Ajgara,5-चोलापुर पंचम
वाराणसी,384. Pindra,6-पिण्डरा  प्रथम
वाराणसी,384. Pindra,7-पिण्डरा  द्वितीय
वाराणसी,384. Pindra,8-पिण्डरा  तृतीया
वाराणसी,384. Pindra,9-पिण्डरा  चतुर्थ
वाराणसी,384. Pindra,10-पिण्डरा पंचम
वाराणसी,384. Pindra,11-पिण्डरा षष्टम
वाराणसी,384. Pindra,12-बड़ागांव प्रथम
वाराणसी,384. Pindra,13-बड़ागांव द्वितीय
वाराणसी,384. Pindra,14-बड़ागांव तृतीया
वाराणसी,384. Pindra,15-बड़ागांव  चतुर्थ
वाराणसी,384. Pindra,16-बड़ागांव पंचम
वाराणसी,391. Sevapuri,17-सेवापुरी प्रथम
वाराणसी,391. Sevapuri,18-सेवापुरी द्वितीय
वाराणसी,391. Sevapuri,19-सेवापुरी  तृतीया
वाराणसी,391. Sevapuri,20-सेवापुरी  चतुर्थ
वाराणसी,391. Sevapuri,21-सेवापुरी  पंचम
वाराणसी,391. Sevapuri,22-आराजीलाइन्स  प्रथम
वाराणसी,391. Sevapuri,23-आराजीलाइन्स  द्वितीय
वाराणसी,391. Sevapuri,24-आराजीलाइन्स  तृतीया
वाराणसी,391. Sevapuri,25-आराजीलाइन्स  चतुर्थ
वाराणसी,391. Sevapuri,26-आराजीलाइन्स पंचम
वाराणसी,391. Sevapuri,27-आराजीलाइन्स षष्टम
वाराणसी,391. Sevapuri,28-आराजीलाइन्स सप्तम
वाराणसी,387. Rohaniya,29-काशीविद्यापीठ प्रथम
वाराणसी,387. Rohaniya,30-काशीविद्यापीठ द्वितीय
वाराणसी,387. Rohaniya,31-काशीविद्यापीठ तृतीया
वाराणसी,387. Rohaniya,32-काशीविद्यापीठ  चतुर्थ
वाराणसी,386. Shivpur,33-हरहुआ प्रथम
वाराणसी,386. Shivpur,34-हरहुआ द्वितीय
वाराणसी,386. Shivpur,35-हरहुआ  तृतीया
वाराणसी,386. Shivpur,36-हरहुआ चतुर्थ
वाराणसी,386. Shivpur,37-चिरईगांव प्रथम
वाराणसी,386. Shivpur,38-चिरईगांव  द्वितीय
वाराणसी,386. Shivpur,39-चिरईगांव तृतीया
वाराणसी,386. Shivpur,40-चिरईगांव चतुर्थ
शामली,9. Thana Bhawan,1-उमरपुर
शामली,9. Thana Bhawan,3-कैडी
शामली,9. Thana Bhawan,4-भैसांनी इस्लामपुर
शामली,9. Thana Bhawan,5-गढीअब्दुल्ला खां
शामली,8. Kairana,6-पाथूपुरा
शामली,8. Kairana,7-जिजौला
शामली,8. Kairana,8-भभेडी शाहपुर
शामली,8. Kairana,9-बडौली सादात
शामली,8. Kairana,10-भूरा
शामली,8. Kairana,11-नंगला राई
शामली,8. Kairana,12-मुण्डेट कलां
शामली,8. Kairana,13-मामौर
शामली,10. Shamli,14-गंगेरू
शामली,10. Shamli,15-मतनावली
शामली,10. Shamli,16-लिसाढ
शामली,10. Shamli,17-खेडीकरमू
शामली,10. Shamli,18-सोन्टा
शामली,10. Shamli,19-कासमपुर
शाहजहांपुर,134. Powayan,1-खुटार प्रथम
शाहजहांपुर,134. Powayan,2-खुटार द्वितीय
शाहजहांपुर,134. Powayan,3-बण्डा प्रथम
शाहजहांपुर,134. Powayan,4-बण्डा द्वितीय
शाहजहांपुर,134. Powayan,5-बण्डा तृतीय
शाहजहांपुर,134. Powayan,6-बण्डा चतुर्थ
शाहजहांपुर,134. Powayan,7-पुवायाँ-प्रथम
शाहजहांपुर,134. Powayan,8-पुवायाँ-द्वितीय
शाहजहांपुर,134. Powayan,9-पुवायाँ-तृतीय
शाहजहांपुर,133. Tilhar,10-सिंधौली प्रथम
शाहजहांपुर,133. Tilhar,11-सिंधौली द्वितीय
शाहजहांपुर,133. Tilhar,12-सिंधौली तृतीय
शाहजहांपुर,133. Tilhar,13-निगोही प्रथम
शाहजहांपुर,133. Tilhar,14-निगोही द्वितीय
शाहजहांपुर,133. Tilhar,15-निगोही तृतीय
शाहजहांपुर,131. Katra,16-खुदागंज (कटरा) प्रथम
शाहजहांपुर,131. Katra,17-खुदागंज (कटरा) द्वितीय
शाहजहांपुर,131. Katra,18-खुदागंज (कटरा) तृतीय
शाहजहांपुर,133. Tilhar,19-तिलहर प्रथम
शाहजहांपुर,133. Tilhar,20-तिलहर द्वितीय
शाहजहांपुर,133. Tilhar,21-तिलहर तृतीय
शाहजहांपुर,131. Katra,22-जैतीपुर प्रथम
शाहजहांपुर,131. Katra,23-जैतीपुर द्वितीय
शाहजहांपुर,131. Katra,24-जैतीपुर तृतीय
शाहजहांपुर,132. Jalalabad,25- कलान प्रथम
शाहजहांपुर,132. Jalalabad,26-कलान द्वितीय
शाहजहांपुर,132. Jalalabad,27-कलान तृतीय
शाहजहांपुर,132. Jalalabad,28-मिर्जापुर प्रथम
शाहजहांपुर,132. Jalalabad,29- मिर्जापुर द्वितीय
शाहजहांपुर,132. Jalalabad,30-मिर्जापुर तृतीय
शाहजहांपुर,132. Jalalabad,31-जलालाबाद प्रथम
शाहजहांपुर,132. Jalalabad,32-जलालाबाद द्वितीय
शाहजहांपुर,132. Jalalabad,33-जलालाबाद तृतीय
शाहजहांपुर,132. Jalalabad,34-जलालाबाद चर्तुथ
शाहजहांपुर,136. Dadraul,35-मदनापुर प्रथम
शाहजहांपुर,136. Dadraul,36-मदनापुर द्वितीय
शाहजहांपुर,136. Dadraul,37-कांट प्रथम
शाहजहांपुर,136. Dadraul,38-कांट द्वितीय
शाहजहांपुर,136. Dadraul,39-कांट तृतीय
शाहजहांपुर,136. Dadraul,40-ददरौल प्रथम
शाहजहांपुर,136. Dadraul,41-ददरौल द्वितीय
शाहजहांपुर,136. Dadraul,42-ददरौल तृतीय
शाहजहांपुर,136. Dadraul,43-भावलखेड़ा प्रथम
शाहजहांपुर,136. Dadraul,44-भावलखेड़ा द्वितीय
शाहजहांपुर,136. Dadraul,45-भावलखेड़ा तृतीय
शाहजहांपुर,136. Dadraul,46-भावलखेड़ा चतुर्थ
शाहजहांपुर,136. Dadraul,47-भावलखेड़ा पंचम
श्रावस्ती,289. Bhinga,1-सिरसिया प्रथम
श्रावस्ती,289. Bhinga,2-सिरसिया द्वितीय
श्रावस्ती,289. Bhinga,3-सिरसिया तृतीय
श्रावस्ती,289. Bhinga,4-सिरसिया चतुर्थ
श्रावस्ती,289. Bhinga,5-सिरसिया पंचम एवं हिरहरपुररानी प्रथम
श्रावस्ती,289. Bhinga,6-हरिहरपुर रानी द्वितीय
श्रावस्ती,289. Bhinga,7-हरिहरपुररानी तृतीय
श्रावस्ती,289. Bhinga,8-हरिहरपुर रानी चतुर्थ
श्रावस्ती,289. Bhinga,9-हरिहरपुर रानी पंचम एवं जमुनहा प्रथम
श्रावस्ती,289. Bhinga,10-जमुनहा द्वितीय
श्रावस्ती,289. Bhinga,11-जमुनहा तृतीय
श्रावस्ती,289. Bhinga,12-जमुनहा चतुर्थ
श्रावस्ती,289. Bhinga,13-जमुनहा पंचम
श्रावस्ती,290. Shrawasti,14-जमुनहा षष्टम एवं गिलौला प्रथम
श्रावस्ती,290. Shrawasti,15-गिलौला द्वितीय
श्रावस्ती,290. Shrawasti,16-गिलौला तृतीय
श्रावस्ती,290. Shrawasti,17-गिलौला चतुर्थ
श्रावस्ती,290. Shrawasti,18-गिलौला पंचम एवं इकौना प्रथम
श्रावस्ती,290. Shrawasti,19-इकौना द्वितीय
श्रावस्ती,290. Shrawasti,20-इकौना तृतीय
श्रावस्ती,290. Shrawasti,21-इकौना चतुर्थ
श्रावस्ती,290. Shrawasti,22-इकौना पंचम
सन्त कबीर नगर,312. Menhdawal,1-मेहदावल प्रथम
सन्त कबीर नगर,312. Menhdawal,2-मेहदावल द्वितीय
सन्त कबीर नगर,312. Menhdawal,3-मेहदावल तृतीय
सन्त कबीर नगर,312. Menhdawal,4-सांथा प्रथम
सन्त कबीर नगर,312. Menhdawal,5-सांथा द्वितीय
सन्त कबीर नगर,312. Menhdawal,6-सांथा तृतीय
सन्त कबीर नगर,312. Menhdawal,7-बेलहर कला प्रथम
सन्त कबीर नगर,312. Menhdawal,8-बेलहर कला द्वितीय
सन्त कबीर नगर,313. Khalilabad,9-सेमरियावां प्रथम
सन्त कबीर नगर,313. Khalilabad,10-सेमरियावा द्वितीय
सन्त कबीर नगर,313. Khalilabad,11-सेमरियावां तृतीय
सन्त कबीर नगर,313. Khalilabad,12-सेमरियावां चर्तुथ
सन्त कबीर नगर,313. Khalilabad,13-सेमरियावां पंचम
सन्त कबीर नगर,313. Khalilabad,14-बघौली प्रथम
सन्त कबीर नगर,313. Khalilabad,15-बघौली द्वितीय
सन्त कबीर नगर,313. Khalilabad,16-बघौली तृतीय
सन्त कबीर नगर,313. Khalilabad,17-खलीलाबाद प्रथम
सन्त कबीर नगर,313. Khalilabad,18-खलीलाबाद द्वितीय
सन्त कबीर नगर,313. Khalilabad,19-खलीलाबाद तृतीय
सन्त कबीर नगर,313. Khalilabad,20-खलीलाबाद चतुर्थ
सन्त कबीर नगर,314. Dhanghata,21-नाथनगर प्रथम
सन्त कबीर नगर,314. Dhanghata,22-नाथनगर द्वितीय
सन्त कबीर नगर,314. Dhanghata,23-नाथनगर तृतीय
सन्त कबीर नगर,314. Dhanghata,24-नाथनगर चतुर्थ
सन्त कबीर नगर,314. Dhanghata,25-हैसर बाजार प्रथम
सन्त कबीर नगर,314. Dhanghata,26-हैसर बाजार द्वितीय
सन्त कबीर नगर,314. Dhanghata,27-हैसर बाजार तृतीय
सन्त कबीर नगर,314. Dhanghata,28-हैसर बाजार जतुर्थ
सन्त कबीर नगर,314. Dhanghata,29-पौली प्रथम
सन्त कबीर नगर,314. Dhanghata,30-पौली द्वितीय
सम्भल,32. Asmoli,1-हजरतनगर गढ़ी
सम्भल,32. Asmoli,2-बराही
सम्भल,32. Asmoli,3-बेला
सम्भल,32. Asmoli,4-गुमसानी
सम्भल,32. Asmoli,5-मढ़न
सम्भल,32. Asmoli,6-ऐचोड़ा कम्बोह
सम्भल,32. Asmoli,7-असमोली
सम्भल,32. Asmoli,8-मन्नीखेडा
सम्भल,32. Asmoli,9-भारतल सिरसी
सम्भल,32. Asmoli,10-रुकनुद्दीन सराय
सम्भल,32. Asmoli,11-सलारपुर कलां
सम्भल,32. Asmoli,12-सौधन मौहम्मदपुर
सम्भल,32. Asmoli,13-अतरासी
सम्भल,32. Asmoli,14-भिरवारी
सम्भल,32. Asmoli,15-केसरपुर
सम्भल,32. Asmoli,16-सिहावली
सम्भल,33. Sambhal,17-रजपुरा
सम्भल,33. Sambhal,18-रसूलपुर
सम्भल,33. Sambhal,19-धनारी
सम्भल,33. Sambhal,20-जुनावई
सम्भल,33. Sambhal,21-घोसली
सम्भल,33. Sambhal,22-कदराबाद
सम्भल,33. Sambhal,23-छपरा
सम्भल,33. Sambhal,24-पाठकपुर
सम्भल,33. Sambhal,25-मिर्जापुर नसरूल्लापुर
सम्भल,111. Gunnaur,26-मझौला
सम्भल,111. Gunnaur,27-कैथल
सम्भल,111. Gunnaur,28-छावडा
सम्भल,111. Gunnaur,29-राजथल
सम्भल,111. Gunnaur,30-गुमथल
सम्भल,111. Gunnaur,31-मौलागढ़
सम्भल,111. Gunnaur,32-किसौली
सम्भल,111. Gunnaur,33-पवांसा
सम्भल,111. Gunnaur,34-सैफ खां सराय
सम्भल,111. Gunnaur,35-फत्तेपुर सराय
सहारनपुर,1. Behat,1-मुजफ्फराबाद प्रथम
सहारनपुर,1. Behat,2-मुजफ्फराबाद द्वितीय
सहारनपुर,1. Behat,3-मुजफ्फराबाद तृतीय
सहारनपुर,1. Behat,4-मुजफ्फराबाद चतुर्थ
सहारनपुर,1. Behat,5-मुजफ्फराबाद पंचम
सहारनपुर,1. Behat,6-मुजफ्फराबाद षष्टम्
सहारनपुर,1. Behat,7-साढ़ोली कदीम प्रथम
सहारनपुर,1. Behat,8-साढ़ोली कदीम द्वितीय
सहारनपुर,1. Behat,9-साढ़ोली कदीम तृतीय
सहारनपुर,1. Behat,10-साढोली कदीम चतुर्थ
सहारनपुर,2. Nakur,11-सरसावा प्रथम
सहारनपुर,2. Nakur,12-सरसावा द्वितीय
सहारनपुर,2. Nakur,13-सरसावा तृतीय
सहारनपुर,2. Nakur,14-सरसावा चतुर्थ
सहारनपुर,2. Nakur,15-सरसावा पंचम
सहारनपुर,2. Nakur,16-नकुड प्रथम
सहारनपुर,2. Nakur,17-नकुड द्वितीय
सहारनपुर,2. Nakur,18-नकुड तृतीय
सहारनपुर,2. Nakur,19-नकुड चतुर्थ
सहारनपुर,7. Gangoh,20-गंगोह प्रथम
सहारनपुर,7. Gangoh,21-गंगोह द्वितीय
सहारनपुर,7. Gangoh,22-गंगोह तृतीय
सहारनपुर,7. Gangoh,23-गंगोह चतुर्थ
सहारनपुर,7. Gangoh,24-गंगोह पंचम
सहारनपुर,7. Gangoh,25-गंगोह एवं नानौता
सहारनपुर,7. Gangoh,26-नानौता प्रथम
सहारनपुर,5. Deoband,27-नानौता द्वितीय
सहारनपुर,5. Deoband,28-नानौता एवं देवबन्द
सहारनपुर,5. Deoband,29-देवबन्द प्रथम
सहारनपुर,5. Deoband,30-देवबन्द द्वितीय
सहारनपुर,5. Deoband,31-देवबन्द तृतीय
सहारनपुर,5. Deoband,32-देवबन्द चतुर्थ
सहारनपुर,6. Rampur Maniharan,33-रामपुर मनिहारन प्रथम
सहारनपुर,6. Rampur Maniharan,34-रामपुर मनिहारन द्वितीय
सहारनपुर,6. Rampur Maniharan,35-रामपुर मनिहारन तृतीय
सहारनपुर,6. Rampur Maniharan,36-नागल प्रथम
सहारनपुर,6. Rampur Maniharan,37-नागल द्वितीय
सहारनपुर,5. Deoband,38-नागल तृतीय
सहारनपुर,5. Deoband,39-नागल चतुर्थ
सहारनपुर,5. Deoband,40-नागल एवं बलिया खेडी
सहारनपुर,6. Rampur Maniharan,41-बलियाखेडी प्रथम
सहारनपुर,6. Rampur Maniharan,42-बलियाखेडी द्वितीय
सहारनपुर,6. Rampur Maniharan,43-बलियाखेडी तृतीय
सहारनपुर,4. Saharanpur Dehat,44-बलियाखेडी एवं पुवारका
सहारनपुर,4. Saharanpur Dehat,45-पुवांरका द्वितीय
सहारनपुर,4. Saharanpur Dehat,46-पुवांरका तृतीय
सहारनपुर,4. Saharanpur Dehat,47-पुवांरका चतुर्थ
सहारनपुर,4. Saharanpur Dehat,48-पुवांरका पंचम
सहारनपुर,4. Saharanpur Dehat,49-पुवांरका एवं मु0 बाद
सिद्धार्थ नगर,306. Domariyaganj,1-बर्डपुर प्रथम
सिद्धार्थ नगर,306. Domariyaganj,2-बर्डपुर द्वितीय
सिद्धार्थ नगर,302. Shohratgarh,3-बर्डपुर तृतीय
सिद्धार्थ नगर,302. Shohratgarh,4-बर्डपुर व शोहरतगढ़
सिद्धार्थ नगर,302. Shohratgarh,5-शोहरतगढ़ प्रथम
सिद्धार्थ नगर,302. Shohratgarh,6-शोहरतगढ़ द्वितीय
सिद्धार्थ नगर,302. Shohratgarh,7-बढ़नी  प्रथम
सिद्धार्थ नगर,302. Shohratgarh,8-बढ़नी द्वितीय
सिद्धार्थ नगर,302. Shohratgarh,9-बढ़नी तृतीय
सिद्धार्थ नगर,302. Shohratgarh,10-इटवा प्रथम
सिद्धार्थ नगर,305. Itwa,11-इटवा द्वितीय
सिद्धार्थ नगर,305. Itwa,12-इटवा तृतीय
सिद्धार्थ नगर,305. Itwa,13-भनवापुर  व इटवा
सिद्धार्थ नगर,306. Domariyaganj,14-भनवापुर प्रथम
सिद्धार्थ नगर,306. Domariyaganj,15-भनवापुर द्वितीय
सिद्धार्थ नगर,306. Domariyaganj,16-भनवापुर तृतीय
सिद्धार्थ नगर,306. Domariyaganj,17-डुमरियागंज प्रथम
सिद्धार्थ नगर,306. Domariyaganj,18-डुमरियागंज द्वितीय
सिद्धार्थ नगर,306. Domariyaganj,19-डुमरियागंज तृतीय
सिद्धार्थ नगर,306. Domariyaganj,20-डुमरियागंज चतुर्थ
सिद्धार्थ नगर,306. Domariyaganj,21-डुमरियागंज व मिठवल
सिद्धार्थ नगर,305. Itwa,22-खुनियांव प्रथम
सिद्धार्थ नगर,305. Itwa,23-खुनियांव द्वितीय
सिद्धार्थ नगर,305. Itwa,24-खुनियांव चतुर्थ
सिद्धार्थ नगर,305. Itwa,25-खुनियांव चतुर्थ
सिद्धार्थ नगर,304. Bansi,26-बांसी प्रथम
सिद्धार्थ नगर,304. Bansi,27-बांसी द्वितीय
सिद्धार्थ नगर,304. Bansi,28-बांसी तृतीय
सिद्धार्थ नगर,304. Bansi,29-मिठवल प्रथम
सिद्धार्थ नगर,306. Domariyaganj,30-मिठवल द्वितीय
सिद्धार्थ नगर,304. Bansi,31-मिठवल तृतीय
सिद्धार्थ नगर,304. Bansi,32-मिठवल व खेसरहा
सिद्धार्थ नगर,304. Bansi,33-खेसरहा प्रथम
सिद्धार्थ नगर,304. Bansi,34-खेसरहा द्वितीय
सिद्धार्थ नगर,304. Bansi,35-खेसरहा तृतीय
सिद्धार्थ नगर,304. Bansi,36-खेसरहा व जोगिया
सिद्धार्थ नगर,303. Kapilvastu,37-जोगिया प्रथम
सिद्धार्थ नगर,302. Shohratgarh,38-जोगिया द्वितीय
सिद्धार्थ नगर,303. Kapilvastu,39-जोगिया व उसका
सिद्धार्थ नगर,303. Kapilvastu,40-उसका प्रथम
सिद्धार्थ नगर,303. Kapilvastu,41-नौगढ़ प्रथम
सिद्धार्थ नगर,303. Kapilvastu,42-नौगढ़ व उसका
सिद्धार्थ नगर,303. Kapilvastu,43-नौगढ़ द्वितीय
सिद्धार्थ नगर,303. Kapilvastu,44-लोटन प्रथम
सिद्धार्थ नगर,303. Kapilvastu,45-लोटन द्वितीय
सीतापुर,148. Laharpur,1-बेहटा प्रथम
सीतापुर,147. Hargaon,2-बेहटा द्वितीय
सीतापुर,147. Hargaon,3-बेहटा तृतीय
सीतापुर,148. Laharpur,4-बेहटा चतुर्थ
सीतापुर,148. Laharpur,5-बेहटा एवं सकरन
सीतापुर,148. Laharpur,6-सकरन प्रथम
सीतापुर,149. Biswan,7-सकरन द्वितीय
सीतापुर,149. Biswan,8-सकरन तृतीय
सीतापुर,147. Hargaon,9-सकरन एवं लहरपुर
सीतापुर,147. Hargaon,10-लहरपुर प्रथम
सीतापुर,148. Laharpur,11-लहरपुर द्वितीय
सीतापुर,148. Laharpur,12-लहरपुर एवं हरगांव
सीतापुर,147. Hargaon,13- हरगांव प्रथम
सीतापुर,147. Hargaon,14-हरगांव द्वितीय
सीतापुर,147. Hargaon,15-हरगांव  तृतीय
सीतापुर,147. Hargaon,16-हरगांव चतुर्थ
सीतापुर,147. Hargaon,17-हरगांव एवं परसेण्डी
सीतापुर,147. Hargaon,18-  परसेण्डी प्रथम
सीतापुर,148. Laharpur,19-परसेण्डी द्वितीय
सीतापुर,148. Laharpur,20-परसेण्डी तृतीय
सीतापुर,146. Sitapur,21-परसेण्डी एवं खैराबाद
सीतापुर,146. Sitapur,22- खैराबाद प्रथम
सीतापुर,146. Sitapur,23-खैराबाद  द्वितीय
सीतापुर,146. Sitapur,24-खैराबाद  तृतीय
सीतापुर,146. Sitapur,25-खैराबाद एवं ऐलिया
सीतापुर,145. Maholi,26- ऐलिया प्रथम
सीतापुर,145. Maholi,27-ऐलिया द्वितीय
सीतापुर,145. Maholi,28-ऐलिया  तृतीय
सीतापुर,145. Maholi,29-ऐलिया  एवं महोली
सीतापुर,145. Maholi,30-महोली प्रथम
सीतापुर,145. Maholi,31-महोली  द्वितीय
सीतापुर,145. Maholi,32-महोली एवं पिसावां
सीतापुर,153. Mishrikh,33- पिसावां  प्रथम
सीतापुर,153. Mishrikh,34-पिसावां  द्वितीय
सीतापुर,153. Mishrikh,35-पिसावां  तृतीय
सीतापुर,153. Mishrikh,36-पिसावां एवं महोली
सीतापुर,153. Mishrikh,37-पिसावां एवं मिश्रिख
सीतापुर,153. Mishrikh,38-मिश्रिख प्रथम
सीतापुर,153. Mishrikh,39-मिश्रिख  द्वितीय
सीतापुर,153. Mishrikh,40-मिश्रिख  तृतीय
सीतापुर,153. Mishrikh,41-मिश्रिख एवं गोंदलामऊ
सीतापुर,153. Mishrikh,42- गोंदलामऊ  प्रथम
सीतापुर,153. Mishrikh,43-गोंदलामऊ द्वितीय
सीतापुर,153. Mishrikh,44-गोंदलामऊ तृतीय
सीतापुर,153. Mishrikh,45-मछरेहटा प्रथम
सीतापुर,153. Mishrikh,46-मछरेहटा द्वितीय
सीतापुर,153. Mishrikh,47-मछरेहटा  तृतीय
सीतापुर,153. Mishrikh,48-मछरेहटा एवं गोंदलामऊ
सीतापुर,149. Biswan,49-कसमण्डा  प्रथम
सीतापुर,149. Biswan,50-कसमण्डा द्वितीय
सीतापुर,152. Sidhauli,51-कसमण्डा  तृतीय
सीतापुर,152. Sidhauli,52-कसमण्डा चतुर्थ
सीतापुर,152. Sidhauli,53-कसमण्डा  एवं सिधौली
सीतापुर,152. Sidhauli,54-सिधौली  प्रथम
सीतापुर,152. Sidhauli,55-सिधौली द्वितीय
सीतापुर,152. Sidhauli,56-सिधौली तृतीय
सीतापुर,151. Mahmoodabad,57-सिधौली एवं पहला
सीतापुर,151. Mahmoodabad,58-पहला प्रथम
सीतापुर,151. Mahmoodabad,59-पहला  द्वितीय
सीतापुर,151. Mahmoodabad,60-पहला  तृतीय
सीतापुर,149. Biswan,61-बिसवॉ प्रथम
सीतापुर,149. Biswan,62-बिसवॉ  द्वितीय
सीतापुर,149. Biswan,63-बिसवॉ  तृतीय
सीतापुर,149. Biswan,64-बिसवॉ चतुर्थ
सीतापुर,151. Mahmoodabad,65-बिसवॉ  एवं महमूदाबाद
सीतापुर,149. Biswan,66-बिसवॉ पंचम
सीतापुर,151. Mahmoodabad,67-महमूदाबाद प्रथम
सीतापुर,151. Mahmoodabad,68-महमूदाबाद द्वितीय
सीतापुर,151. Mahmoodabad,69-महमूदाबाद एवं रामपुर मथुरा
सीतापुर,151. Mahmoodabad,70-रामपुर मथुरा  प्रथम
सीतापुर,151. Mahmoodabad,71-रामपुर मथुरा द्वितीय
सीतापुर,151. Mahmoodabad,72-रामपुर मथुरा तृतीय
सीतापुर,151. Mahmoodabad,73-रामपुर मथुरा चतुर्थ
सीतापुर,150. Sevata,74-रेउसा प्रथम
सीतापुर,150. Sevata,75-रेउसा  द्वितीय
सीतापुर,150. Sevata,76-रेउसा  तृतीय
सीतापुर,150. Sevata,77-रेउसा  चतुर्थ
सीतापुर,150. Sevata,78-रेउसा  पंचम
सीतापुर,150. Sevata,79-रेउसा षष्टम
सुलतानपुर,191. Kadipur,1-अखण्डनगर प्रथम
सुलतानपुर,191. Kadipur,2-अखण्डनगर द्वितीय
सुलतानपुर,191. Kadipur,3-अखण्डनगर तृतीय
सुलतानपुर,191. Kadipur,4-अखण्डनगर एवं कादीपुर
सुलतानपुर,191. Kadipur,5-कादीपुर एवं  करौदीकला
सुलतानपुर,191. Kadipur,6-करौदीकला प्रथम
सुलतानपुर,191. Kadipur,7-करौदीकल एएवं  कादीपुर
सुलतानपुर,191. Kadipur,8-कादीपुर  प्रथम
सुलतानपुर,191. Kadipur,9-कादीपुर एवं  दोस्तपुर
सुलतानपुर,191. Kadipur,10-दोस्तपुर प्रथम
सुलतानपुर,191. Kadipur,11-दोस्तपुर एवं  मोतिगरपुर
सुलतानपुर,189. Sultanpur Sadar,12-मोतिगरपुर प्रथम
सुलतानपुर,189. Sultanpur Sadar,13-मोतिगरपुर एवं जयसिंहपुर
सुलतानपुर,189. Sultanpur Sadar,14-जयसिंहपुर प्रथम
सुलतानपुर,189. Sultanpur Sadar,15-जयसिंहपुर द्वितीय
सुलतानपुर,189. Sultanpur Sadar,16-जयसिंहपुर तृतीय
सुलतानपुर,189. Sultanpur Sadar,17-जयसिंहपुर एवं कूरेभार
सुलतानपुर,189. Sultanpur Sadar,18-कूरेभार  प्रथम
सुलतानपुर,189. Sultanpur Sadar,19-कूरेभार  द्वितीय
सुलतानपुर,189. Sultanpur Sadar,20-कूरेभार तृतीय
सुलतानपुर,189. Sultanpur Sadar,21-कूरेभार एवं ए धनपतगंज  प्रथम
सुलतानपुर,188. Sultanpur,22-कूरेभार एवं ए धनपतगंज द्वितीय
सुलतानपुर,188. Sultanpur,23-धनपतगंज  प्रथम
सुलतानपुर,188. Sultanpur,24-धनपतगंज एवं कुड़वार
सुलतानपुर,187. Isauli,25-बल्दीराय प्रथम
सुलतानपुर,187. Isauli,26-बल्दीराय  द्वितीय
सुलतानपुर,187. Isauli,27-बल्दीराय तृतीय
सुलतानपुर,187. Isauli,28-बल्दीराय एवं  धनपतगंज
सुलतानपुर,187. Isauli,29-कुड़वार प्रथम
सुलतानपुर,187. Isauli,30-कुड़वार द्वितीय
सुलतानपुर,187. Isauli,31-कुड़वार तृतीय
सुलतानपुर,187. Isauli,32-कुड़वार एवं दूबेपुर
सुलतानपुर,188. Sultanpur,33-दूबेपुर प्रथम
सुलतानपुर,188. Sultanpur,34-दूबेपुर  द्वितीय
सुलतानपुर,188. Sultanpur,35-दूबेपुर  तृतीय
सुलतानपुर,188. Sultanpur,36-दूबेपुर चतुर्थ
सुलतानपुर,188. Sultanpur,37-दूबेपुर एवं   भदैया
सुलतानपुर,190. Lambhua,38-भदैया प्रथम
सुलतानपुर,190. Lambhua,39-भदैया द्वितीय
सुलतानपुर,190. Lambhua,40-भदैया एवं लम्भुआ
सुलतानपुर,190. Lambhua,41-लम्भुआ
सुलतानपुर,190. Lambhua,42-लम्भुआ
सुलतानपुर,190. Lambhua,43-लम्भुआ एवं  प्रतापपुर कमैचा
सुलतानपुर,190. Lambhua,44-प्रतापपुर कमैचा
सुलतानपुर,190. Lambhua,45-प्रतापपुर कमैचा
सोनभद्र,401. Robertsganj,1-नगवां
सोनभद्र,401. Robertsganj,2-बरहमोरी
सोनभद्र,401. Robertsganj,3-रामगढ़
सोनभद्र,401. Robertsganj,4-सोढ़ा
सोनभद्र,401. Robertsganj,5-तरावां
सोनभद्र,401. Robertsganj,6-हिन्दुआरी
सोनभद्र,401. Robertsganj,7-मधुपुर
सोनभद्र,400. Ghorawal,8-राजपुर
सोनभद्र,401. Robertsganj,9-चुर्क
सोनभद्र,401. Robertsganj,10-सलखन
सोनभद्र,401. Robertsganj,11-सिरसिया ठकुराई
सोनभद्र,400. Ghorawal,12-सरंगा
सोनभद्र,400. Ghorawal,13-मुर्तिया
सोनभद्र,400. Ghorawal,14-हिनौती
सोनभद्र,400. Ghorawal,15-तिलौलीकला
सोनभद्र,400. Ghorawal,16-शाहगंज
सोनभद्र,402. Obra,17-पटवध
सोनभद्र,402. Obra,18-जुगैल
सोनभद्र,401. Robertsganj,19-कचनरवा
सोनभद्र,401. Robertsganj,20-निगाई
सोनभद्र,402. Obra,21-पनारी
सोनभद्र,402. Obra,22-कुलडोमरी
सोनभद्र,403. Duddhi,23-कोटा (म्योरपुर)
सोनभद्र,403. Duddhi,24-जरहां
सोनभद्र,403. Duddhi,25-किरविल
सोनभद्र,403. Duddhi,26-म्योरपुर
सोनभद्र,403. Duddhi,27-घघरी
सोनभद्र,403. Duddhi,28-बभनी
सोनभद्र,403. Duddhi,29-बघाडू
सोनभद्र,403. Duddhi,30-धनौरा
सोनभद्र,403. Duddhi,31-विन्ढमगंज
हमीरपुर,228. Hamirpur,1-कुरारा देहात
हमीरपुर,228. Hamirpur,2-झलोखर
हमीरपुर,228. Hamirpur,3-पौथिया
हमीरपुर,228. Hamirpur,4-टेढ़ा
हमीरपुर,228. Hamirpur,5-छानी
हमीरपुर,228. Hamirpur,6-इंगोहटा
हमीरपुर,228. Hamirpur,7-अरतरा
हमीरपुर,228. Hamirpur,8-सिसोलर
हमीरपुर,229. Rath,9-कुनेहटा
हमीरपुर,229. Rath,10-मुस्करा
हमीरपुर,229. Rath,11-बिवांर
हमीरपुर,229. Rath,12-सैदपुर
हमीरपुर,229. Rath,13-नौंरगा
हमीरपुर,229. Rath,14-बीरा
हमीरपुर,229. Rath,15-रिहुँटा
हमीरपुर,229. Rath,16-जरिया
हमीरपुर,229. Rath,17-जलालपुर
हरदोई,157. Gopamau,1-टड़ियावां प्रथम
हरदोई,157. Gopamau,2-टड़ियावां द्वितीय
हरदोई,157. Gopamau,3-टड़ियावां तृतीय
हरदोई,157. Gopamau,4-टड़ियावां चतुर्थ
हरदोई,156. Hardoi,5-हरियावां प्रथम
हरदोई,156. Hardoi,6-हरियावां द्वितीय
हरदोई,156. Hardoi,7-हरियावां तृतीय
हरदोई,157. Gopamau,8-पिहानी प्रथम
हरदोई,157. Gopamau,9-पिहानी द्वितीय
हरदोई,157. Gopamau,10-पिहानी तृतीय
हरदोई,157. Gopamau,11-पिहानी चतुर्थ
हरदोई,155. Shahabad,12-टोडरपुर प्रथम
हरदोई,155. Shahabad,13-टोडरपुर द्वितीय
हरदोई,155. Shahabad,14-टोडरपुर तृतीय
हरदोई,155. Shahabad,15-टोडरपुर चतुर्थ
हरदोई,155. Shahabad,16-शाहाबाद प्रथम
हरदोई,155. Shahabad,17-शाहाबाद द्वितीय
हरदोई,155. Shahabad,18-शाहाबाद तृतीय
हरदोई,155. Shahabad,19-शाहाबाद चतुर्थ
हरदोई,154. Sawayazpur,20-भरखनी प्रथम
हरदोई,154. Sawayazpur,21-भरखनी द्वितीय
हरदोई,154. Sawayazpur,22-भरखनी तृतीय
हरदोई,154. Sawayazpur,23-भरखनी चतुर्थ
हरदोई,154. Sawayazpur,24-हरपालपुर प्रथम
हरदोई,154. Sawayazpur,25-हरपालपुर द्वितीय
हरदोई,154. Sawayazpur,26-हरपालपुर तृतीय
हरदोई,156. Hardoi,27-बावन प्रथम
हरदोई,156. Hardoi,28-बावन द्वितीय
हरदोई,156. Hardoi,29-बावन तृतीय
हरदोई,156. Hardoi,30-बावन चतुर्थ
हरदोई,156. Hardoi,31-बावन पंचम
हरदोई,158. Sandi,32-सण्डी प्रथम
हरदोई,158. Sandi,33-सण्डी द्वितीय
हरदोई,158. Sandi,34-सण्डी तृतीय
हरदोई,159. Bilgram Mallanwan,35-बिलग्राम प्रथम
हरदोई,159. Bilgram Mallanwan,36-बिलग्राम द्वितीय
हरदोई,159. Bilgram Mallanwan,37-बिलग्राम तृतीय
हरदोई,159. Bilgram Mallanwan,38-बिलग्राम चतुर्थ
हरदोई,158. Sandi,39-सुरसा प्रथम
हरदोई,158. Sandi,40-सुरसा द्वितीय
हरदोई,158. Sandi,41-सुरसा तृतीय
हरदोई,158. Sandi,42-सुरसा चतुर्थ
हरदोई,158. Sandi,43-सुरसा पंचम
हरदोई,159. Bilgram Mallanwan,44-माधौगंज प्रथम
हरदोई,159. Bilgram Mallanwan,45-माधौगंज द्वितीय
हरदोई,159. Bilgram Mallanwan,46-माधौगंज तृतीय
हरदोई,159. Bilgram Mallanwan,47-माधौगंज चतुर्थ
हरदोई,159. Bilgram Mallanwan,48-मल्लावां प्रथम
हरदोई,159. Bilgram Mallanwan,49-मल्लावां द्वितीय
हरदोई,159. Bilgram Mallanwan,50-मल्लावां तृतीय
हरदोई,160. Balamau,51-बेहन्दर प्रथम
हरदोई,160. Balamau,52-बेहन्दर द्वितीय
हरदोई,160. Balamau,53-बेहन्दर तृतीय
हरदोई,161. Sandila,54-सण्डीला प्रथम
हरदोई,161. Sandila,55-सण्डीला द्वितीय
हरदोई,161. Sandila,56-सण्डीला तृतीय
हरदोई,161. Sandila,57-सण्डीला चतुर्थ
हरदोई,161. Sandila,58-भरावन प्रथम
हरदोई,161. Sandila,59-भरावन द्वितीय
हरदोई,161. Sandila,60-भरावन तृतीय
हरदोई,161. Sandila,61-भरावन चतुर्थ
हरदोई,160. Balamau,62-कोथावां प्रथम
हरदोई,160. Balamau,63-कोथावां द्वितीय
हरदोई,160. Balamau,64-कोथावां तृतीय
हरदोई,160. Balamau,65-कछौना प्रथम
हरदोई,160. Balamau,66-कछौना द्वितीय
हरदोई,160. Balamau,67-कछौना तृतीय
हरदोई,158. Sandi,68-अहिरोरी प्रथम
हरदोई,158. Sandi,69-अहिरोरी द्वितीय
हरदोई,158. Sandi,70-अहिरोरी तृतीय
हरदोई,158. Sandi,71-अहिरोरी चतुर्थ
हरदोई,158. Sandi,72-अहिरोरी पंचम
हाथरस,80. Sikandra Rao,1-सिकन्दराराऊ प्रथम
हाथरस,80. Sikandra Rao,2-सिकन्दराराऊ द्वितीय
हाथरस,80. Sikandra Rao,3-सिकन्दराराऊ तृतीय
हाथरस,80. Sikandra Rao,4-हसायन प्रथम
हाथरस,80. Sikandra Rao,5-हसायन द्वितीय
हाथरस,80. Sikandra Rao,6-हसायन तृतीय
हाथरस,80. Sikandra Rao,7-हसायन चतुर्थ
हाथरस,78. Hathras,8-सासनी प्रथम
हाथरस,78. Hathras,9-सासनी द्वितीय
हाथरस,78. Hathras,10-सासनी तृतीय
हाथरस,78. Hathras,11-सासनी चतुर्थ
हाथरस,79. Sadabad,12-मुरसान प्रथम
हाथरस,79. Sadabad,13-मुरसान द्वितीय
हाथरस,79. Sadabad,14-मुरसान तृतीय
हाथरस,79. Sadabad,15-सादाबाद प्रथम
हाथरस,79. Sadabad,16-सादाबाद द्वितीय
हाथरस,79. Sadabad,17-सादाबाद तृतीय
हाथरस,79. Sadabad,18-सादाबाद चतुर्थ
हाथरस,79. Sadabad,19-सहपऊ प्रथम
हाथरस,79. Sadabad,20-सहपऊ द्वितीय
हाथरस,79. Sadabad,21-सहपऊ तृतीय
हाथरस,78. Hathras,22-हाथरस प्रथम
हाथरस,78. Hathras,23-हाथरस द्वितीय
हाथरस,78. Hathras,24-हाथरस तृतीय
हापुड़,60. Garhmukteshwar,1-गढ़मुक्तेश्वर प्रथम
हापुड़,60. Garhmukteshwar,2-गढ़मुक्तेश्वर द्वितीय
हापुड़,60. Garhmukteshwar,3-गढ़मुक्तेश्वर तृतीय
हापुड़,60. Garhmukteshwar,4-गढ़मुक्तेश्वर चतुर्थ
हापुड़,60. Garhmukteshwar,5-सिम्भावली प्रथम
हापुड़,60. Garhmukteshwar,6-सिम्भावली द्वितीय
हापुड़,60. Garhmukteshwar,7-सिम्भावली तृतीय
हापुड़,60. Garhmukteshwar,8-सिम्भावली चतुर्थ
हापुड़,59. Hapur,9-हापुड़ प्रथम
हापुड़,59. Hapur,10-हापुड़ द्वितीय
हापुड़,59. Hapur,11-हापुड़ तृतीय
हापुड़,59. Hapur,12-हापुड़ चतुर्थ
हापुड़,59. Hapur,13-हापुड़ पंचम
हापुड़,59. Hapur,14-हापुड़ षष्टम
हापुड़,58. Dholana,15-धौलाना प्रथम
हापुड़,58. Dholana,16-धौलाना द्वितीय
हापुड़,58. Dholana,17-धौलाना तृतीय
हापुड़,58. Dholana,18-धौलाना चतुर्थ
हापुड़,58. Dholana,19-धौलाना एवं हापुड़